Index,Cumulative_S,Delta_S_To_Next,Velocity_Profile,Velocity_Accel,Velocity_Brake,Velocity_Corner,Curvature,Segment_Acceleration,Accel_Limit,Brake_Limit,Segment_Feasible,Corner_Feasible
0,0,0.309945,16.3235,16.3235,22.8383,32.16,0.00300612,2.81744,3.79545,5.40165,1,1
1,0.309945,0.308561,16.3769,16.3769,22.7395,32.16,0.00337202,2.81006,3.79414,5.39964,1,1
2,0.618506,0.307826,16.4298,16.4298,22.641,32.16,0.00371751,2.80266,3.79273,5.39758,1,1
3,0.926332,0.307738,16.4822,16.4822,22.5427,32.16,0.00403571,2.79526,3.79128,5.39553,1,1
4,1.23407,0.308298,16.5343,16.5343,22.4442,32.16,0.00432041,2.78789,3.78984,5.39359,1,1
5,1.54237,0.309507,16.5862,16.5862,22.3455,32.16,0.0045664,2.78059,3.78847,5.39183,1,1
6,1.85188,0.311363,16.638,16.638,22.2463,32.16,0.00476956,2.77338,3.78724,5.39034,1,1
7,2.16324,0.313867,16.6899,16.6899,22.1462,32.16,0.00492708,2.7663,3.78619,5.38917,1,1
8,2.4771,0.317019,16.7418,16.7418,22.0452,32.16,0.00503753,2.75934,3.78537,5.38837,1,1
9,2.79412,0.320821,16.794,16.794,21.943,32.16,0.00510083,2.75252,3.78481,5.38794,1,1
10,3.11494,0.325083,16.8465,16.8465,21.8392,32.16,0.00511817,2.74584,3.78451,5.38104,1,1
11,3.44003,0.329061,16.8994,16.8994,21.7342,32.16,0.00581637,2.7358,3.77966,5.37322,1,1
12,3.76909,0.332567,16.9526,16.9526,21.6279,32.16,0.00650344,2.72525,3.77417,5.36438,1,1
13,4.10166,0.335604,17.0059,17.0059,21.5207,32.16,0.00718903,2.71416,3.76796,5.35435,1,1
14,4.43726,0.33817,17.0594,17.0594,21.4127,32.16,0.00788207,2.70246,3.76091,5.34292,1,1
15,4.77543,0.340267,17.1129,17.1129,21.304,32.16,0.00859107,2.69006,3.75288,5.32983,1,1
16,5.1157,0.341895,17.1663,17.1663,21.1948,32.16,0.00932441,2.67684,3.74369,5.31475,1,1
17,5.45759,0.343056,17.2195,17.2195,21.0855,32.16,0.0100905,2.66266,3.7331,5.29728,1,1
18,5.80065,0.343751,17.2725,17.2725,20.9761,32.16,0.0108982,2.64734,3.72083,5.27691,1,1
19,6.1444,0.343981,17.3251,17.3251,20.867,32.16,0.0117566,2.63063,3.70652,5.25301,1,1
20,6.48838,0.343816,17.3773,17.3773,20.7584,32.16,0.0126758,2.61226,3.68973,5.33711,1,1
21,6.83219,0.343537,17.4289,17.4289,20.6456,32.16,0.00862974,2.64757,3.7488,5.38962,1,1
22,7.17573,0.343208,17.481,17.481,20.5303,32.16,0.00457193,2.66696,3.78569,5.41006,1,1
23,7.51894,0.342828,17.5333,17.5333,20.414,32.16,0.000497341,2.67034,3.80004,5.39718,1,1
24,7.86177,0.342395,17.5854,17.5854,20.2979,32.16,-0.0035996,2.65728,3.791,5.34887,1,1
25,8.20416,0.341914,17.6371,17.6371,20.1833,32.16,-0.00772456,2.62688,3.75707,5.26205,1,1
26,8.54608,0.341387,17.6879,17.6879,20.0716,32.16,-0.011883,2.57782,3.69608,5.13239,1,1
27,8.88746,0.340819,17.7376,17.7376,19.9642,31.5346,-0.0160798,2.50816,3.60501,4.95398,1,1
28,9.22828,0.34022,17.7857,17.7857,19.8626,28.0529,-0.0203189,2.41522,3.47969,4.7186,1,1
29,9.5685,0.339597,17.8319,17.8319,19.7687,25.4939,-0.0246027,2.2952,3.31436,4.41443,1,1
30,9.9081,0.338952,17.8755,17.8755,19.6848,23.5092,-0.0289321,2.14258,3.10071,4.57022,1,1
31,10.2471,0.338239,17.9161,17.9161,19.5943,24.4898,-0.0266616,2.21368,3.21014,4.7102,1,1
32,10.5853,0.337437,17.9579,17.9579,19.4984,25.602,-0.0243955,2.27669,3.30846,4.83581,1,1
33,10.9227,0.336542,18.0006,18.0006,19.3978,26.8804,-0.0221302,2.33236,3.39669,4.94815,1,1
34,11.2593,0.335543,18.0441,18.0441,19.2932,28.3743,-0.0198612,2.38126,3.4756,5.04801,1,1
35,11.5948,0.33444,18.0884,18.0884,19.1853,30.1563,-0.0175833,2.42384,3.54574,5.13592,1,1
36,11.9293,0.333226,18.1331,18.1331,19.0747,32.16,-0.0152906,2.46039,3.60748,5.21214,1,1
37,12.2625,0.331896,18.1783,18.1783,18.9619,32.16,-0.0129765,2.4911,3.66103,5.27671,1,1
38,12.5944,0.330449,18.2237,18.2237,18.8474,32.16,-0.0106336,2.51604,3.70638,5.3294,1,1
39,12.9248,0.328879,18.2693,18.2693,18.7315,32.16,-0.00825415,2.53514,3.74339,5.36971,1,1
40,13.2537,0.327277,18.3149,18.3149,18.6147,32.16,-0.00582924,2.54823,3.7717,5.33603,1,1
41,13.581,0.326005,18.3603,18.3603,18.4988,32.16,-0.00783331,1.31947,3.74804,5.29211,1,1
42,13.907,0.325157,18.3837,18.4051,18.3837,32.16,-0.00983568,-6.43201,3.7172,5.24325,0,1
43,14.2321,0.32473,18.2696,18.4492,18.2696,32.16,-0.0118129,-6.35053,3.68288,5.18868,0,1
44,14.5569,0.32473,18.1564,18.4926,18.1564,32.16,-0.0137412,-6.2648,3.64454,5.13021,0,1
45,14.8816,0.32516,18.044,18.5353,18.044,32.0186,-0.0155974,-6.17733,3.60348,5.06992,0,1
46,15.2068,0.326021,17.9323,18.5771,17.9323,30.3501,-0.0173594,-6.09079,3.56113,5.00998,0,1
47,15.5328,0.327321,17.8213,18.6183,17.8213,29.0051,-0.0190067,-6.00782,3.51903,4.95262,0,1
48,15.8601,0.329054,17.7106,18.6587,17.7106,27.9145,-0.0205209,-5.93097,3.47874,4.89998,0,1
49,16.1892,0.331233,17.6,18.6985,17.6,27.0299,-0.0218861,-5.86249,3.44176,4.85398,0,1
50,16.5204,0.333711,17.4894,18.7375,17.4894,26.316,-0.0230897,-5.98966,3.40945,4.97045,0,1
51,16.8541,0.335903,17.3747,18.776,17.3747,27.6466,-0.0209205,-6.08723,3.49126,5.06309,0,1
52,17.19,0.33766,17.2566,18.8157,17.2566,29.0665,-0.0189265,-6.16194,3.55633,5.1373,0,1
53,17.5277,0.338976,17.1356,18.8564,17.1356,30.5971,-0.0170803,-6.21877,3.60846,5.19709,0,1
54,17.8666,0.339848,17.0121,18.8978,17.0121,32.16,-0.015358,-6.26145,3.65045,5.24544,0,1
55,18.2065,0.340275,16.8866,18.9398,16.8866,32.16,-0.0137378,-6.29285,3.68441,5.28462,0,1
56,18.5468,0.340254,16.7593,18.9822,16.7593,32.16,-0.0122001,-6.31515,3.71193,5.31637,0,1
57,18.887,0.339784,16.6306,19.0248,16.6306,32.16,-0.0107267,-6.33002,3.73424,5.34204,0,1
58,19.2268,0.338857,16.5008,19.0676,16.5008,32.16,-0.0093004,-6.33877,3.75226,5.36263,0,1
59,19.5657,0.337479,16.3701,19.1103,16.3701,32.16,-0.00790449,-6.34239,3.76673,5.37892,0,1
60,19.9031,0.335761,16.2388,19.153,16.2388,32.16,-0.0065225,-6.28975,3.77817,5.34729,0,1
61,20.2389,0.334169,16.1082,19.1954,16.1082,32.16,-0.00937875,-6.22545,3.75595,5.30537,0,1
62,20.5731,0.332824,15.9786,19.237,15.9786,32.16,-0.0122755,-6.15044,3.72651,5.2539,0,1
63,20.9059,0.331725,15.8499,19.2774,15.8499,32.16,-0.0151943,-6.06592,3.69035,5.19382,0,1
64,21.2376,0.330879,15.7225,19.3165,15.7225,29.7103,-0.0181152,-5.97334,3.64816,5.12634,0,1
65,21.5685,0.330294,15.5962,19.3542,15.5962,27.5828,-0.0210175,-5.87438,3.60076,5.05285,0,1
66,21.8988,0.329974,15.4713,19.3902,15.4713,25.8771,-0.0238795,-5.77098,3.54914,4.97497,0,1
67,22.2288,0.32993,15.3478,19.4242,15.3478,24.4819,-0.0266788,-5.66525,3.49444,4.89454,0,1
68,22.5587,0.330161,15.2255,19.456,15.2255,23.3243,-0.0293927,-5.55951,3.43794,4.81356,0,1
69,22.8889,0.330684,15.1045,19.4854,15.1045,22.3544,-0.0319985,-5.45618,3.38106,4.73414,0,1
70,23.2195,0.331484,14.9845,19.5119,14.9845,21.5369,-0.0344738,-5.46835,3.32528,4.75486,0,1
71,23.551,0.332491,14.8631,19.5352,14.8631,21.5182,-0.0345339,-5.48347,3.33983,4.7783,0,1
72,23.8835,0.333685,14.7399,19.5583,14.7399,21.5226,-0.0345197,-5.50111,3.35629,4.80411,0,1
73,24.2172,0.335066,14.6148,19.5813,14.6148,21.55,-0.034432,-5.52081,3.37442,4.83191,0,1
74,24.5523,0.336633,14.4877,19.6044,14.4877,21.6001,-0.0342724,-5.54209,3.39395,4.86133,0,1
75,24.8889,0.338391,14.3583,19.6276,14.3583,21.6728,-0.0340428,-5.56448,3.41461,4.89194,0,1
76,25.2273,0.340337,14.2266,19.6511,14.2266,21.7681,-0.0337455,-5.58752,3.43612,4.92337,0,1
77,25.5676,0.342475,14.0923,19.675,14.0923,21.8857,-0.0333837,-5.61074,3.45819,4.95524,0,1
78,25.9101,0.344798,13.9553,19.6994,13.9553,22.0258,-0.0329605,-5.63374,3.48057,4.98717,0,1
79,26.2549,0.347313,13.8154,19.7243,13.8154,22.1882,-0.0324797,-5.65614,3.50301,5.01886,0,1
80,26.6022,0.349865,13.6724,19.7498,13.6724,22.373,-0.0319453,-5.63467,3.52526,5.01171,0,1
81,26.9521,0.35184,13.5275,19.7761,13.5275,22.0398,-0.0329187,-5.60758,3.52024,4.99954,0,1
82,27.3039,0.353103,13.3808,19.801,13.3808,21.6439,-0.034134,-5.57465,3.51169,4.98206,0,1
83,27.657,0.353649,13.2329,19.824,13.2329,21.1916,-0.0356066,-5.53535,3.49941,4.95872,0,1
84,28.0107,0.353496,13.0842,19.8444,13.0842,20.6889,-0.0373578,-5.48889,3.48302,4.92874,0,1
85,28.3642,0.352647,12.935,19.8608,12.935,20.1416,-0.0394158,-5.43408,3.46196,4.89096,0,1
86,28.7168,0.351109,12.786,19.555,12.786,19.555,-0.0418159,-5.36927,3.43542,4.84379,0,1
87,29.0679,0.348909,12.6377,18.9344,12.6377,18.9344,-0.044602,-5.29218,3.40229,4.78508,0,1
88,29.4168,0.346042,12.4907,18.2847,12.4907,18.2847,-0.0478278,-5.19967,3.36105,4.71184,0,1
89,29.7629,0.342542,12.3458,17.6107,12.3458,17.6107,-0.0515588,-5.08731,3.30961,4.61994,0,1
90,30.1054,0.338561,12.2039,16.917,12.2039,16.917,-0.055874,-4.86039,3.24506,4.42284,0,1
91,30.444,0.334711,12.0683,15.902,12.0683,15.902,-0.063234,-4.60267,3.10662,4.19631,0,1
92,30.7787,0.331189,11.9399,15.0285,11.9399,15.0285,-0.0707984,-4.31155,2.9475,3.93785,0,1
93,31.1099,0.328033,11.8198,14.2734,11.8198,14.2734,-0.0784877,-3.98422,2.76596,3.64481,0,1
94,31.4379,0.325303,11.7087,13.62,11.7087,13.62,-0.0861989,-3.61741,2.56012,3.3141,0,1
95,31.7632,0.32305,11.6077,13.0562,11.6077,13.0562,-0.0938051,-3.20679,2.32783,2.9417,0,1
96,32.0863,0.321331,11.5181,12.5728,11.5181,12.5728,-0.101156,-2.74516,2.06626,2.521,0,1
97,32.4076,0.320219,11.4413,12.1633,11.4413,12.1633,-0.108082,-2.21691,1.77076,2.03769,0,1
98,32.7278,0.319762,11.3791,11.8227,11.3791,11.8227,-0.1144,-1.57457,1.43128,1.44819,0,1
99,33.0476,0.320037,11.3347,11.5474,11.3347,11.5474,-0.11992,0,1.01721,0,1,1
100,33.3676,0.321062,11.3347,11.3347,11.3347,11.3347,-0.124461,0,0,1.37454,1,1
101,33.6887,0.322724,11.3347,11.3347,11.5254,11.5254,-0.120377,0.845525,0.965479,1.94008,1,1
102,34.0114,0.324965,11.3588,11.3588,11.7564,11.7564,-0.115692,1.19269,1.36272,2.38913,1,1
103,34.3364,0.327736,11.3929,11.3929,12.0277,12.0277,-0.110532,1.46749,1.67813,2.77167,1,1
104,34.6641,0.331005,11.435,11.435,12.3392,12.3392,-0.105022,1.70065,1.94683,3.10553,1,1
105,34.9951,0.334727,11.4841,11.4841,12.691,12.691,-0.0992814,1.90313,2.18133,3.39954,1,1
106,35.3298,0.338859,11.5395,11.5395,13.0832,13.0832,-0.0934177,2.08036,2.38785,3.6592,1,1
107,35.6687,0.343376,11.6004,11.6004,13.5163,13.5163,-0.0875263,2.23576,2.57023,3.8885,1,1
108,36.0121,0.348223,11.6664,11.6664,13.8455,13.991,-0.0816876,2.37181,2.7313,4.09073,1,1
109,36.3603,0.353382,11.737,11.737,13.779,14.5082,-0.0759674,2.49056,2.87334,4.26873,1,1
110,36.7137,0.358581,11.8117,11.8117,13.6904,15.0692,-0.0704172,2.59383,2.99837,4.30949,1,1
111,37.0723,0.362891,11.8902,11.8902,13.5923,15.2917,-0.0683822,2.61316,3.027,4.31599,1,1
112,37.4351,0.366095,11.9697,11.9697,13.4875,15.4142,-0.0673001,2.61154,3.03157,4.29052,1,1
113,37.8012,0.368185,12.0493,12.0493,13.3783,15.4378,-0.0670942,2.59055,3.01367,4.23207,1,1
114,38.1694,0.369183,12.1282,12.1282,13.2667,15.3657,-0.0677254,2.54978,2.97262,4.13632,1,1
115,38.5386,0.369095,12.2056,12.2056,13.1547,15.2025,-0.0691875,2.4868,2.90536,3.99482,1,1
116,38.9077,0.367938,12.2805,12.2805,13.0443,14.9541,-0.0715051,2.39674,2.80597,3.79308,1,1
117,39.2756,0.365751,12.3521,12.3521,12.938,14.6276,-0.0747327,2.27117,2.66427,3.50621,1,1
118,39.6414,0.362548,12.4192,12.4192,12.8389,14.2309,-0.0789569,2.09544,2.46277,3.08794,1,1
119,40.0039,0.358384,12.4802,12.4802,12.7512,13.7727,-0.0842987,1.84228,2.16898,2.43382,1,1
120,40.3623,0.353547,12.533,12.533,12.6828,13.2618,-0.0909178,1.44984,1.70952,1.98327,1,1
121,40.7159,0.349079,12.5738,12.5738,12.6247,13.0357,-0.0940992,0.118845,1.39305,1.54973,1,1
122,41.0649,0.345252,12.5771,12.6066,12.5771,12.8492,-0.0968508,-1.33954,1.08854,1.21026,0,1
123,41.4102,0.342059,12.5403,12.6304,12.5403,12.7023,-0.0991044,-0.953328,0.85009,0.861667,0,1
124,41.7523,0.339512,12.5143,12.5949,12.5143,12.5949,-0.100801,-0.567221,0.605238,0.512805,0,1
125,42.0918,0.337602,12.4989,12.5271,12.4989,12.5271,-0.101895,0,0.360196,0,1,1
126,42.4294,0.336324,12.4989,12.4989,12.4989,12.4989,-0.102356,0,0,0.326008,1,1
127,42.7657,0.33568,12.4989,12.4989,12.5103,12.5103,-0.10217,0.194394,0.228989,0.727515,1,1
128,43.1014,0.335647,12.5041,12.5041,12.5613,12.5613,-0.101342,0.433744,0.511009,1.11397,1,1
129,43.437,0.336224,12.5157,12.5157,12.652,12.652,-0.0998935,0.663928,0.782456,1.4884,1,1
130,43.7732,0.337286,12.5336,12.5336,12.7826,12.7826,-0.0978629,0.886639,1.04546,1.92172,1,1
131,44.1105,0.338413,12.5574,12.5574,12.988,12.988,-0.0947921,1.14398,1.34982,2.23281,1,1
132,44.4489,0.33949,12.5882,12.5882,13.1897,13.1897,-0.0919149,1.328,1.56834,2.47299,1,1
133,44.7884,0.34048,12.624,12.624,13.3857,13.3857,-0.0892428,1.46934,1.73704,2.66424,1,1
134,45.1289,0.341374,12.6635,12.6635,13.574,13.574,-0.0867841,1.58116,1.87137,2.81844,1,1
135,45.4703,0.342143,12.7061,12.7061,13.7526,13.7526,-0.0845445,1.6706,1.97968,2.94284,1,1
136,45.8124,0.34277,12.751,12.751,13.9197,13.9197,-0.0825274,1.74206,2.06706,3.04219,1,1
137,46.1552,0.343248,12.7977,12.7977,14.0733,14.0733,-0.0807353,1.7984,2.13684,3.1197,1,1
138,46.4985,0.34355,12.8459,12.8459,14.2118,14.2118,-0.0791694,1.84161,2.19129,3.17758,1,1
139,46.842,0.343676,12.895,12.895,14.3335,14.3335,-0.0778308,1.87304,2.23194,3.21724,1,1
140,47.1857,0.343649,12.9449,12.9449,14.4369,14.4369,-0.0767203,1.89361,2.2598,3.27209,1,1
141,47.5293,0.343631,12.995,12.995,14.5618,14.5618,-0.0754096,1.92299,2.29833,3.32582,1,1
142,47.873,0.343663,13.0458,13.0458,14.6893,14.6893,-0.0741061,1.95159,2.33607,3.37785,1,1
143,48.2166,0.343719,13.0971,13.0971,14.8185,14.8185,-0.0728191,1.97904,2.37261,3.42769,1,1
144,48.5603,0.343802,13.1489,13.1489,14.9487,14.9487,-0.0715569,2.00507,2.40762,3.47495,1,1
145,48.9041,0.343892,13.2012,13.2012,15.0788,15.0788,-0.0703268,2.02947,2.44082,3.51933,1,1
146,49.248,0.343979,13.254,13.254,15.2082,15.2082,-0.0691355,2.05204,2.47199,3.56056,1,1
147,49.592,0.344061,13.3072,13.3072,15.3359,15.3359,-0.0679889,2.07267,2.50095,3.59845,1,1
148,49.9361,0.34412,13.3606,13.3606,15.4611,15.4611,-0.0668921,2.09124,2.52756,3.63283,1,1
149,50.2802,0.344156,13.4144,13.4144,15.583,15.583,-0.0658498,2.10767,2.55171,3.66356,1,1
150,50.6244,0.344173,13.4684,13.4684,15.7007,15.7007,-0.0648659,2.12189,2.5733,3.94722,1,1
151,50.9685,0.344222,13.5225,13.5225,16.3515,16.3515,-0.0598052,2.28226,2.77254,4.19528,1,1
152,51.3127,0.344298,13.5804,13.5804,16.6117,17.0902,-0.0547473,2.42122,2.94678,4.41289,1,1
153,51.657,0.344353,13.6417,13.6417,16.5417,17.9348,-0.0497122,2.54181,3.09963,4.60384,1,1
154,52.0014,0.34437,13.7057,13.7057,16.4543,18.9109,-0.044713,2.64632,3.23375,4.77099,1,1
155,52.3458,0.344312,13.772,13.772,16.3541,20.0553,-0.0397555,2.73649,3.35116,4.91657,1,1
156,52.6901,0.344154,13.8403,13.8403,16.2438,21.4234,-0.03484,2.8137,3.45341,5.04221,1,1
157,53.0342,0.343886,13.9101,13.9101,16.1256,23.1018,-0.0299617,2.87897,3.54167,5.1491,1,1
158,53.3781,0.343478,13.9811,13.9811,16.0011,25.2345,-0.0251112,2.93307,3.61675,5.23794,1,1
159,53.7216,0.342925,14.0529,14.0529,15.8717,28.0829,-0.0202755,2.97651,3.67914,5.30897,1,1
160,54.0645,0.342196,14.1254,14.1254,15.7385,32.16,-0.0154383,3.00951,3.72904,5.22921,1,1
161,54.4067,0.341246,14.1981,14.1981,15.6077,28.0306,-0.0203513,2.95698,3.67302,5.11982,1,1
162,54.748,0.340069,14.269,14.269,15.4799,25.0966,-0.025388,2.88811,3.59618,4.97477,1,1
163,55.088,0.338699,14.3377,14.3377,15.3564,22.8681,-0.0305772,2.79965,3.49429,4.78586,1,1
164,55.4267,0.337134,14.4036,14.4036,15.2381,21.0912,-0.0359464,2.68717,3.36161,4.54177,1,1
165,55.7639,0.335402,14.4664,14.4664,15.1264,19.6244,-0.0415208,2.54453,3.19015,4.22603,1,1
166,56.0993,0.333529,14.5253,14.5253,15.0231,18.382,-0.0473227,2.36273,2.96837,3.81295,1,1
167,56.4328,0.331537,14.5794,14.5794,14.9304,17.3093,-0.05337,2.1277,2.67823,3.25679,1,1
168,56.7643,0.329476,14.6277,14.6277,14.8518,16.3694,-0.0596749,1.81423,2.28758,2.4525,1,1
169,57.0938,0.327366,14.6685,14.6685,14.7935,15.5368,-0.0662422,1.3642,1.72265,0.86073,1,1
170,57.4212,0.325364,14.699,14.699,14.7935,14.7935,-0.0730663,0.478259,0.60458,1.72752,1,1
171,57.7465,0.323927,14.7095,14.7095,15.1103,15.1103,-0.0700338,0.959521,1.21342,2.3485,1,1
172,58.0705,0.323135,14.7307,14.7307,15.5199,15.5199,-0.0663861,1.30344,1.6496,2.87332,1,1
173,58.3936,0.322978,14.7592,14.7592,16.0339,16.0339,-0.0621982,1.59307,2.01823,3.33248,1,1
174,58.7166,0.323409,14.794,14.794,16.668,16.668,-0.057556,1.84532,2.34075,3.73645,1,1
175,59.04,0.324408,14.8343,14.8343,17.4434,17.4434,-0.0525523,2.06599,2.6245,4.0898,1,1
176,59.3644,0.325948,14.8794,14.8794,18.3899,18.3899,-0.0472821,2.25764,2.87269,4.39516,1,1
177,59.6903,0.328,14.9288,14.9288,19.3531,19.5496,-0.0418391,2.42181,3.08718,4.6547,1,1
178,60.0183,0.33056,14.9819,14.9819,19.2916,20.9846,-0.0363125,2.5598,3.26947,4.87061,1,1
179,60.3489,0.33359,15.0383,15.0383,19.2098,22.791,-0.0307844,2.67293,3.42113,5.04536,1,1
180,60.6825,0.336977,15.0975,15.0975,19.1139,25.1258,-0.0253289,2.76273,3.54388,5.08462,1,1
181,61.0195,0.340297,15.159,15.159,19.0135,25.932,-0.0237784,2.77779,3.57145,5.11893,1,1
182,61.3598,0.343437,15.2212,15.2212,18.9089,26.7514,-0.0223441,2.78996,3.59555,5.14903,1,1
183,61.7032,0.346414,15.2841,15.2841,18.8007,27.5846,-0.0210148,2.79967,3.6167,5.17556,1,1
184,62.0496,0.349206,15.3474,15.3474,18.6891,28.4323,-0.0197802,2.80727,3.63533,5.19902,1,1
185,62.3988,0.351818,15.4111,15.4111,18.5745,29.2957,-0.0186315,2.81307,3.65181,5.21985,1,1
186,62.7506,0.354247,15.4752,15.4752,18.4571,30.176,-0.0175604,2.81732,3.66644,5.2384,1,1
187,63.1049,0.356485,15.5396,15.5396,18.3372,31.0744,-0.0165597,2.82023,3.67947,5.25499,1,1
188,63.4614,0.35855,15.6041,15.6041,18.2148,31.9926,-0.0156227,2.82199,3.69112,5.26987,1,1
189,63.8199,0.360421,15.6688,15.6688,18.0903,32.16,-0.0147435,2.82273,3.70157,5.28325,1,1
190,64.1803,0.362057,15.7336,15.7336,17.9637,32.16,-0.0139166,2.8226,3.71098,5.23671,1,1
191,64.5424,0.363273,15.7985,15.7985,17.8377,31.5162,-0.0160987,2.79047,3.67828,5.18047,1,1
192,64.9057,0.364021,15.8625,15.8625,17.7125,29.5388,-0.0183261,2.75336,3.63878,5.11268,1,1
193,65.2697,0.364329,15.9256,15.9256,17.5887,27.8453,-0.020623,2.71037,3.59116,5.03094,1,1
194,65.634,0.364183,15.9874,15.9874,17.4667,26.3594,-0.0230136,2.66029,3.53375,4.93206,1,1
195,65.9982,0.363597,16.0479,16.0479,17.3471,25.0301,-0.025523,2.60151,3.4643,4.81187,1,1
196,66.3618,0.362581,16.1068,16.1068,17.2306,23.822,-0.0281773,2.53193,3.37987,4.66474,1,1
197,66.7244,0.361138,16.1637,16.1637,17.1179,22.71,-0.0310043,2.4487,3.27653,4.48299,1,1
198,67.0855,0.359301,16.2183,16.2183,17.01,21.6757,-0.0340338,2.3479,3.14887,4.25572,1,1
199,67.4448,0.357063,16.2702,16.2702,16.908,20.7055,-0.0372981,2.224,2.98923,3.96673,1,1
200,67.8019,0.354557,16.3189,16.3189,16.8134,19.7891,-0.0408323,2.06869,2.78624,3.9294,1,1
201,68.1564,0.352239,16.3638,16.3638,16.7186,19.737,-0.0410483,2.04531,2.76002,3.9029,1,1
202,68.5087,0.350211,16.4078,16.4078,16.6231,19.7164,-0.0411338,2.0277,2.74141,3.88812,1,1
203,68.8589,0.348493,16.451,16.451,16.5266,19.728,-0.0410855,-1.05636,2.73103,3.9141,1,1
204,69.2074,0.347061,16.4286,16.4937,16.4286,19.7724,-0.0409015,-4.70492,2.74928,3.98346,0,1
205,69.5544,0.345918,16.3289,16.5359,16.3289,19.8502,-0.0405815,-4.78712,2.79799,4.06079,0,1
206,69.9004,0.345062,16.2272,16.578,16.2272,19.9623,-0.0401271,-4.87618,2.85231,4.14437,0,1
207,70.2454,0.344481,16.1232,16.62,16.1232,20.1097,-0.039541,-4.96994,2.91102,4.23243,0,1
208,70.5899,0.344194,16.0166,16.6621,16.0166,20.2935,-0.0388277,-5.06631,2.97288,4.32322,0,1
209,70.9341,0.344174,15.9074,16.7045,15.9074,20.5152,-0.0379931,-5.16327,3.03664,4.41505,0,1
210,71.2783,0.344373,15.7953,16.7472,15.7953,20.7763,-0.0370443,-4.95099,3.10115,4.24194,0,1
211,71.6226,0.344582,15.687,16.7904,15.687,19.9112,-0.040333,-4.72029,2.97955,4.05195,0,1
212,71.9672,0.344759,15.5829,16.8303,15.5829,19.1429,-0.0436355,-4.46877,2.84611,3.84295,0,1
213,72.312,0.344942,15.4838,16.8661,15.4838,18.4553,-0.0469477,-4.1931,2.6993,3.61198,0,1
214,72.6569,0.345129,15.3901,16.8971,15.3901,17.8363,-0.0502628,-3.88855,2.53707,3.35491,0,1
215,73.0021,0.345347,15.3026,16.9218,15.3026,17.2767,-0.0535714,-3.54806,2.3565,3.06555,0,1
216,73.3474,0.345621,15.2223,16.7696,15.2223,16.7696,-0.0568609,-3.16014,2.15325,2.73389,0,1
217,73.693,0.345966,15.1504,16.3093,15.1504,16.3093,-0.0601157,-2.70383,1.92029,2.3417,0,1
218,74.039,0.346427,15.0885,15.8917,15.0885,15.8917,-0.0633167,-2.13223,1.64482,1.84826,0,1
219,74.3854,0.347011,15.0395,15.5134,15.0395,15.5134,-0.0664421,-1.27872,1.29822,1.109,0,1
220,74.7324,0.347775,15.01,15.1719,15.01,15.1719,-0.0694666,-0.974078,0.778968,0.845131,0,1
221,75.0802,0.348837,14.9874,15.0802,14.9874,15.0802,-0.0703139,-0.666989,0.593623,0.578853,0,1
222,75.429,0.350224,14.9718,15.015,14.9718,15.015,-0.0709261,-0.363272,0.406588,0.315317,0,1
223,75.7793,0.351967,14.9633,14.9761,14.9633,14.9761,-0.0712952,0,0.221479,0,1,1
224,76.1312,0.354054,14.9633,14.9633,14.9633,14.9633,-0.0714166,0,0,0.323142,1,1
225,76.4853,0.356499,14.9633,14.9633,14.9767,14.9767,-0.0712891,0.17783,0.226976,0.61382,1,1
226,76.8418,0.359309,14.9676,14.9676,15.0161,15.0161,-0.0709153,0.337742,0.431149,0.901798,1,1
227,77.2011,0.362485,14.9757,14.9757,15.0815,15.0815,-0.0703015,0.496048,0.633426,1.18467,1,1
228,77.5636,0.366051,14.9877,14.9877,15.1729,15.1729,-0.0694573,0.651356,0.832116,1.46087,1,1
229,77.9296,0.36999,15.0036,15.0036,15.2902,15.2902,-0.0683955,0.802741,1.02612,1.72902,1,1
230,78.2996,0.374197,15.0234,15.0234,15.4335,15.4335,-0.0671318,0.949391,1.21447,2.22857,1,1
231,78.6738,0.378198,15.047,15.047,15.7629,15.7629,-0.0643549,1.22262,1.56536,2.56139,1,1
232,79.052,0.38186,15.0777,15.0777,16.0653,16.0653,-0.0619555,1.4036,1.79913,2.80014,1,1
233,79.4339,0.385192,15.1132,15.1132,16.13,16.3384,-0.0599017,1.53239,1.96683,2.9758,1,1
234,79.8191,0.388165,15.1522,15.1522,16.0782,16.5804,-0.0581659,1.62613,2.09021,3.10491,1,1
235,80.2072,0.390779,15.1938,15.1938,16.0144,16.7897,-0.0567246,1.69403,2.1809,3.19731,1,1
236,80.598,0.393027,15.2373,15.2373,15.9416,16.965,-0.0555584,1.74156,2.2458,3.25913,1,1
237,80.991,0.3949,15.2822,15.2822,15.8617,17.1052,-0.054651,1.7722,2.28922,3.2942,1,1
238,81.3859,0.396417,15.3279,15.3279,15.7761,17.2097,-0.0539896,1.78814,2.31386,3.30476,1,1
239,81.7824,0.397553,15.3741,15.3741,15.686,17.2779,-0.0535642,1.79069,2.32128,3.29178,1,1
240,82.1799,0.398391,15.4203,15.4203,15.5923,17.3097,-0.0533675,1.78047,2.31216,3.13309,1,1
241,82.5783,0.399239,15.4662,15.4662,15.4997,17.1292,-0.0544983,-2.24824,2.20069,3.05444,1,1
242,82.9775,0.400176,15.4081,15.5098,15.4081,16.9597,-0.0555929,-3.48831,2.14545,3.00881,0,1
243,83.3777,0.40124,15.3172,15.551,15.3172,16.8017,-0.0566433,-3.43833,2.1134,2.9705,0,1
244,83.779,0.402422,15.2269,15.5897,15.2269,16.6557,-0.0576411,-3.39868,2.08649,2.94097,0,1
245,84.1814,0.403744,15.1368,15.6259,15.1368,16.522,-0.0585778,-3.37099,2.06574,2.92168,0,1
246,84.5851,0.405222,15.0466,15.6594,15.0466,16.4011,-0.0594444,-3.35676,2.0522,2.91401,0,1
247,84.9903,0.406862,14.956,15.6902,14.956,16.2935,-0.0602322,-3.35732,2.04681,2.91921,0,1
248,85.3972,0.408703,14.8643,15.7183,14.8643,16.1996,-0.0609325,-3.37367,2.05046,2.9382,0,1
249,85.8059,0.410736,14.7713,15.7436,14.7713,16.1198,-0.0615369,-3.40636,2.0638,2.97159,0,1
250,86.2166,0.412795,14.6763,15.7662,14.6763,16.0546,-0.0620377,-4.42825,2.08726,3.87145,0,1
251,86.6294,0.414091,14.5512,15.7862,14.5512,17.4101,-0.0527537,-5.05941,2.71932,4.43427,0,1
252,87.0435,0.414338,14.4065,15.8292,14.4065,19.0328,-0.0441418,-5.47443,3.11465,4.81101,0,1
253,87.4579,0.413482,14.2482,15.8835,14.2482,21.066,-0.0360323,-5.75006,3.37927,5.06762,0,1
254,87.8714,0.411436,14.0803,15.945,14.0803,23.7919,-0.0282488,-5.92786,3.55951,5.23962,0,1
255,88.2828,0.40816,13.906,16.0109,13.906,27.8565,-0.0206065,-6.03186,3.68033,5.34736,0,1
256,88.6909,0.403622,13.7278,16.0795,13.7278,32.16,-0.0129062,-6.07512,3.756,5.40166,0,1
257,89.0946,0.397792,13.548,16.1493,13.548,32.16,-0.00492488,-6.06222,3.79414,5.40594,0,1
258,89.4924,0.390686,13.3689,16.219,13.3689,32.16,0.00359592,-5.98935,3.79715,5.35614,0,1
259,89.883,0.382286,13.1927,16.2869,13.1927,32.16,0.0129684,-5.8418,3.76217,5.2384,0,1
260,90.2653,0.372889,13.0223,16.3516,13.0223,26.0404,0.023581,-5.83496,3.67947,5.24617,0,1
261,90.6382,0.363589,12.8541,16.4105,12.8541,25.9983,0.0236574,-5.83009,3.68492,5.2554,0,1
262,91.0018,0.354643,12.6881,16.4675,12.6881,26.031,0.023598,-5.8271,3.69141,5.26603,0,1
263,91.3565,0.34607,12.5242,16.5228,12.5242,26.1491,0.0233853,-5.82586,3.69888,5.27797,0,1
264,91.7025,0.337843,12.3622,16.5764,12.3622,26.3668,0.0230007,-5.82614,3.70726,5.29105,0,1
265,92.0404,0.329965,12.2019,16.6286,12.2019,26.7027,0.0224258,-5.8277,3.71645,5.30504,0,1
266,92.3703,0.322432,12.0433,16.6794,12.0433,27.1822,0.0216416,-5.83019,3.72628,5.31968,0,1
267,92.6928,0.315234,11.8862,16.7291,11.8862,27.8409,0.0206295,-5.83322,3.73656,5.3346,0,1
268,93.008,0.308384,11.7304,16.7777,11.7304,28.7306,0.0193717,-5.83635,3.74704,5.34943,0,1
269,93.3164,0.301861,11.576,16.8254,11.576,29.9294,0.0178509,-5.83908,3.75746,5.3637,0,1
270,93.6182,0.295659,11.4227,16.8723,11.4227,31.5622,0.0160517,-5.74968,3.76748,5.29281,0,1
271,93.9139,0.289753,11.2729,16.9185,11.2729,24.7606,0.0260817,-5.61901,3.71769,5.18307,0,1
272,94.2037,0.284147,11.1276,16.9601,11.1276,20.7795,0.037033,-5.44051,3.64061,5.02816,0,1
273,94.4878,0.278885,10.9877,16.9943,10.9877,18.0844,0.0488933,-5.20628,3.5318,4.82047,0,1
274,94.7667,0.273983,10.8548,16.1092,10.8548,16.1092,0.0616185,-4.90643,3.38591,4.55054,0,1
275,95.0407,0.26949,10.7302,14.5899,10.7302,14.5899,0.0751197,-4.52782,3.19632,4.20585,0,1
276,95.3102,0.265458,10.6159,13.3851,10.6159,13.3851,0.0892514,-4.05095,2.95421,3.76801,0,1
277,95.5756,0.26194,10.5141,12.4117,10.5141,12.4117,0.103799,-3.44157,2.64666,3.20485,0,1
278,95.8376,0.259021,10.428,11.6178,10.428,11.6178,0.11847,-2.61883,2.2511,2.44079,0,1
279,96.0966,0.25676,10.3628,10.9694,10.3628,10.9694,0.132889,-1.18355,1.71442,1.10351,0,1
280,96.3533,0.255216,10.3334,10.4438,10.3334,10.4438,0.146602,-0.731421,0.775109,0.682119,0,1
281,96.6086,0.254339,10.3153,10.3567,10.3153,10.3567,0.149077,-8.64469e-08,0.479123,8.06199e-08,1,1
282,96.8629,0.254109,10.3153,10.3153,10.3153,10.3153,0.150276,5.08006e-08,5.66277e-08,0.217046,1,1
283,97.117,0.254542,10.3153,10.3153,10.3195,10.3195,0.150155,0.136766,0.152454,0.752344,1,1
284,97.3715,0.255622,10.3187,10.3187,10.3692,10.3692,0.148719,0.474036,0.528449,1.21319,1,1
285,97.6272,0.257347,10.3305,10.3305,10.4646,10.4646,0.146021,0.764204,0.852147,1.6515,1,1
286,97.8845,0.259708,10.3495,10.3495,10.6057,10.6057,0.142161,1.03986,1.16002,2.06652,1,1
287,98.1442,0.262687,10.3755,10.3755,10.7928,10.7928,0.137275,1.30042,1.45153,2.45536,1,1
288,98.4069,0.266282,10.4084,10.4084,11.0262,11.0262,0.131525,1.54397,1.72465,2.81562,1,1
289,98.6732,0.270459,10.4478,10.4478,11.3063,11.3063,0.125088,1.76893,1.9777,3.14575,1,1
290,98.9436,0.274959,10.4935,10.4935,11.3505,11.6337,0.118146,1.9743,2.20958,3.34997,1,1
291,99.2186,0.27878,10.5451,10.5451,11.2882,11.9001,0.112917,2.1,2.35303,3.45289,1,1
292,99.4974,0.281662,10.6005,10.6005,11.2143,12.0814,0.109552,2.16176,2.42532,3.47707,1,1
293,99.7791,0.283621,10.6578,10.6578,11.1332,12.1762,0.107852,2.17403,2.44231,3.42995,1,1
294,100.063,0.284643,10.7155,10.7155,11.0479,12.1849,0.1077,2.1417,2.40921,3.30788,1,1
295,100.347,0.284745,10.7722,10.7722,10.9611,12.1096,0.109043,2.06273,2.32347,3.09505,1,1
296,100.632,0.283944,10.8266,10.8266,10.8755,11.9545,0.111891,-1.23009,2.17397,2.87147,1,1
297,100.916,0.282255,10.7943,10.877,10.7943,11.7251,0.116312,-2.76864,2.01693,2.56811,0,1
298,101.198,0.279728,10.7217,10.9214,10.7217,11.4283,0.122432,-2.1743,1.80385,2.01836,0,1
299,101.478,0.276385,10.6648,10.9565,10.6648,11.0719,0.13044,0,1.4177,0,1,1
300,101.754,0.272459,10.6648,10.6648,10.6648,10.6648,0.140589,0,0,0.374056,1,1
301,102.027,0.268684,10.6648,10.6648,10.6776,10.6776,0.140253,0.23384,0.262738,0.67426,1,1
302,102.296,0.265201,10.6707,10.6707,10.7125,10.7125,0.139339,0.421453,0.473602,0.96924,1,1
303,102.561,0.261985,10.6811,10.6811,10.7686,10.7686,0.137892,0.605686,0.680797,1.25453,1,1
304,102.823,0.258985,10.696,10.696,10.8448,10.8448,0.135961,0.783698,0.881188,1.52834,1,1
305,103.082,0.256167,10.7149,10.7149,10.9401,10.9401,0.133604,0.95432,1.07351,1.78957,1,1
306,103.338,0.253493,10.7377,10.7377,11.0533,11.0533,0.130879,1.11685,1.257,2.03757,1,1
307,103.591,0.250922,10.7641,10.7641,11.1837,11.1837,0.127846,1.27083,1.4312,2.27197,1,1
308,103.842,0.248433,10.7937,10.7937,11.3301,11.3301,0.124564,1.41604,1.59584,2.49271,1,1
309,104.091,0.245978,10.8262,10.8262,11.464,11.4917,0.121085,1.55243,1.75089,2.69999,1,1
310,104.337,0.243611,10.8614,10.8614,11.4282,11.6676,0.11746,1.68013,1.89648,2.4792,1,1
311,104.58,0.24165,10.899,10.899,11.3988,11.5606,0.119646,1.54136,1.7414,2.30498,1,1
312,104.822,0.240169,10.9332,10.9332,11.3734,11.4945,0.121025,1.43187,1.61902,2.19682,1,1
313,105.062,0.23918,10.9646,10.9646,11.348,11.4697,0.121549,1.36366,1.54305,2.16856,1,1
314,105.301,0.238666,10.9943,10.9943,11.3183,11.4863,0.121197,1.34515,1.5232,2.22249,1,1
315,105.54,0.238623,11.0234,11.0234,11.2814,11.5447,0.119975,1.37764,1.56109,2.34844,1,1
316,105.779,0.239044,11.0532,11.0532,11.2359,11.6454,0.117909,1.45466,1.64956,2.52867,1,1
317,106.018,0.239914,11.0846,11.0846,11.1812,11.7891,0.115052,1.50598,1.77615,2.74603,1,1
318,106.258,0.241236,11.1172,11.1185,11.1172,11.9767,0.111476,-3.36824,1.92882,3.11054,0,1
319,106.499,0.242983,11.0438,11.1552,11.0438,12.2093,0.10727,-3.73073,2.18485,3.44922,0,1
320,106.742,0.245041,10.9615,11.1952,10.9615,12.4883,0.10253,-3.61674,2.42274,3.34756,0,1
321,106.987,0.24702,10.8803,11.2386,10.8803,12.2755,0.106115,-3.48841,2.35134,3.23229,0,1
322,107.234,0.24881,10.8008,11.2786,10.8008,12.0612,0.109919,-3.34452,2.27037,3.1022,0,1
323,107.483,0.250476,10.7235,11.3142,10.7235,11.8473,0.113925,-3.1835,2.179,2.95582,0,1
324,107.733,0.25201,10.6489,11.3444,10.6489,11.6357,0.118105,-3.00343,2.07618,2.79129,0,1
325,107.985,0.253473,10.5776,11.3673,10.5776,11.4285,0.122428,-2.80177,1.96061,2.60622,0,1
326,108.239,0.254899,10.5102,11.2274,10.5102,11.2274,0.126853,-2.57499,1.83062,2.39726,0,1
327,108.493,0.256296,10.4476,11.0343,10.4476,11.0343,0.13133,-2.31768,1.68384,2.15932,0,1
328,108.75,0.257742,10.3906,10.8512,10.3906,10.8512,0.135801,-2.0204,1.51672,1.8836,0,1
329,109.008,0.259238,10.3403,10.6798,10.3403,10.6798,0.140195,-1.66349,1.32305,1.55171,0,1
330,109.267,0.260916,10.2985,10.5219,10.2985,10.5219,0.144433,-1.23274,1.08992,1.15037,0,1
331,109.528,0.263051,10.2673,10.3867,10.2673,10.3867,0.148218,-0.786803,0.808023,0.734421,0,1
332,109.791,0.265715,10.2471,10.2948,10.2471,10.2948,0.150875,-0.28588,0.51586,0.266873,0,1
333,110.056,0.268992,10.2397,10.2459,10.2397,10.2459,0.15232,0,0.187452,0,1,1
334,110.325,0.27288,10.2397,10.2397,10.2397,10.2397,0.152506,0,0,0.642049,1,1
335,110.598,0.277446,10.2397,10.2397,10.276,10.276,0.151428,0.40525,0.450977,1.07829,1,1
336,110.876,0.282721,10.2506,10.2506,10.355,10.355,0.149126,0.68043,0.757391,1.49983,1,1
337,111.158,0.2887,10.2694,10.2694,10.4767,10.4767,0.145682,0.946043,1.05348,1.90218,1,1
338,111.447,0.295448,10.2959,10.2959,10.6412,10.6412,0.141212,1.19913,1.3361,2.28165,1,1
339,111.743,0.302937,10.3303,10.3303,10.8486,10.8486,0.135865,1.43725,1.60264,2.63534,1,1
340,112.046,0.311048,10.3724,10.3724,11.099,11.099,0.129804,1.65849,1.85107,3.37435,1,1
341,112.357,0.319084,10.422,10.422,11.7879,11.7879,0.115075,2.1212,2.37016,3.83974,1,1
342,112.676,0.326765,10.4867,10.4867,12.3698,12.494,0.102437,2.41022,2.69705,4.1617,1,1
343,113.002,0.33407,10.5616,10.5616,12.2906,13.2124,0.0915997,2.60786,2.92319,4.39535,1,1
344,113.337,0.340889,10.6437,10.6437,12.1857,13.9387,0.0823021,2.74907,3.08731,4.57011,1,1
345,113.677,0.347209,10.7314,10.7314,12.0626,14.6685,0.0743168,2.85256,3.21006,4.70369,1,1
346,114.025,0.352989,10.8233,10.8233,11.9252,15.3973,0.067448,2.92961,3.30389,4.80749,1,1
347,114.378,0.358152,10.9184,10.9184,11.776,16.1207,0.06153,2.9875,3.3768,4.88919,1,1
348,114.736,0.362722,11.016,11.016,11.617,16.8344,0.0564237,3.03117,3.43419,4.95418,1,1
349,115.098,0.366617,11.1154,11.1154,11.4494,17.5338,0.0520122,3.06406,3.47983,5.00627,1,1
350,115.465,0.369801,11.216,11.216,11.2742,18.2142,0.0481987,-3.95361,3.51642,5.28408,1,1
351,115.835,0.371995,11.0848,11.3173,11.0848,23.9201,0.0279466,-5.83401,3.71156,5.39929,0,1
352,116.207,0.373027,10.8873,11.4235,10.8873,32.16,0.00860662,-5.81401,3.79248,5.39549,0,1
353,116.58,0.372926,10.6862,11.5312,10.6862,32.16,-0.0103573,-5.69367,3.78981,5.298,0,1
354,116.953,0.371667,10.4857,11.6374,10.4857,23.2902,-0.0294789,-5.48209,3.72133,5.11429,0,1
355,117.325,0.369382,10.2895,11.7391,10.2895,18.0147,-0.0492724,-5.17182,3.5923,4.83655,0,1
356,117.694,0.366217,10.1021,11.8325,10.1021,15.0902,-0.0702213,-4.73588,3.39721,4.43865,0,1
357,118.06,0.362347,9.92897,11.9125,9.92897,13.1307,-0.0927424,-4.11321,3.11772,3.86239,0,1
358,118.422,0.358118,9.77771,11.6845,9.77771,11.6845,-0.117122,-3.14604,2.71296,2.95845,0,1
359,118.781,0.353846,9.6618,10.5592,9.6618,10.5592,-0.143416,0,2.07802,0,1,1
360,119.134,0.350003,9.6618,9.6618,9.6618,9.6618,-0.171293,0,0,1.01938,1,1
361,119.484,0.346723,9.6618,9.6618,9.7495,9.7495,-0.168226,0.651375,0.716013,1.40867,1,1
362,119.831,0.343836,9.68515,9.68515,9.85662,9.85662,-0.164589,0.8997,0.989455,1.71463,1,1
363,120.175,0.341259,9.71703,9.71703,9.9776,9.9776,-0.160622,1.09439,1.20436,1.96527,1,1
364,120.516,0.338817,9.75539,9.75539,10.1067,10.1067,-0.156545,1.25337,1.38041,2.16961,1,1
365,120.855,0.336431,9.79883,9.79883,10.2379,10.2379,-0.152559,1.38244,1.52394,2.33149,1,1
366,121.192,0.333995,9.84618,9.84618,10.3651,10.3651,-0.148838,1.48411,1.63764,2.45235,1,1
367,121.525,0.331375,9.89639,9.89639,10.4821,10.4821,-0.145533,1.5594,1.72254,2.53196,1,1
368,121.857,0.328536,9.94847,9.94847,10.5827,10.5827,-0.14278,1.60824,1.77846,2.56827,1,1
369,122.185,0.325351,10.0014,10.0014,10.6607,10.6607,-0.140698,1.62946,1.80396,2.5568,1,1
370,122.511,0.321921,10.0543,10.0543,10.7101,10.7101,-0.139402,1.62034,1.7959,3.42884,1,1
371,122.833,0.318605,10.1061,10.1061,10.6255,11.4906,-0.121107,2.17056,2.40843,4.06923,1,1
372,123.151,0.315254,10.1743,10.1743,10.5006,12.5329,-0.101801,2.57212,2.85824,4.56391,1,1
373,123.467,0.311704,10.2536,10.2536,10.3537,13.9919,-0.0816781,-2.01415,3.2057,4.97143,1,1
374,123.778,0.307737,10.1922,10.3408,10.1922,16.2266,-0.06073,-5.60552,3.49195,5.24754,0,1
375,124.086,0.303266,10.0216,10.4331,10.0216,20.3112,-0.0387602,-5.74143,3.68589,5.38669,0,1
376,124.389,0.29821,9.84627,10.528,9.84627,32.16,-0.0153931,-5.74432,3.78363,5.40121,0,1
377,124.687,0.292505,9.67073,10.6231,9.67073,32.16,0.00991376,-5.60936,3.79382,5.28538,0,1
378,124.98,0.286218,9.49956,10.7157,9.49956,20.5518,0.037858,-5.30599,3.71247,5.00927,0,1
379,125.266,0.279381,9.33832,10.8022,9.33832,15.1922,0.0692811,-4.75611,3.51853,4.4978,0,1
380,125.546,0.272239,9.19493,10.8771,9.19493,12.334,0.105112,-4.6293,3.15927,4.38498,0,1
381,125.818,0.26518,9.05683,10.93,9.05683,11.8336,0.114188,-4.48277,3.08002,4.25269,0,1
382,126.083,0.258276,8.92461,10.9724,8.92461,11.3509,0.124107,-4.31216,2.9871,4.09672,0,1
383,126.341,0.251592,8.79893,10.8872,8.79893,10.8872,0.134905,-4.11181,2.87755,3.9116,0,1
384,126.593,0.245117,8.68056,10.4437,8.68056,10.4437,0.146605,-3.87402,2.74752,3.68992,0,1
385,126.838,0.238912,8.57047,10.0218,8.57047,10.0218,0.159208,-3.58776,2.59181,3.42105,0,1
386,127.077,0.233006,8.46987,9.62295,8.46987,9.62295,0.172679,-3.23566,2.40296,3.08833,0,1
387,127.31,0.227409,8.38038,9.24854,8.38038,9.24854,0.186943,-2.7862,2.16925,2.66153,0,1
388,127.537,0.222195,8.30443,8.90006,8.30443,8.90006,0.20187,-2.16516,1.86946,2.06957,0,1
389,127.759,0.217369,8.2463,8.57898,8.2463,8.57898,0.217263,-1.01367,1.45367,0.969188,0,1
390,127.977,0.213159,8.21954,8.28683,8.21954,8.28683,0.232852,-8.43196e-08,0.680761,8.06199e-08,1,1
391,128.19,0.210215,8.21954,8.21954,8.21954,8.21954,0.23668,5.29279e-08,5.66277e-08,0.684573,1,1
392,128.4,0.20864,8.21954,8.21954,8.25277,8.25277,0.234778,0.449431,0.480846,1.46917,1,1
393,128.609,0.208413,8.23094,8.23094,8.39008,8.39008,0.227156,0.964341,1.03195,2.20069,1,1
394,128.817,0.209435,8.25532,8.25532,8.63716,8.63716,0.214346,1.4439,1.54577,2.86458,1,1
395,129.027,0.211657,8.29187,8.29187,9.00264,9.00264,0.197295,1.87831,2.01209,3.44718,1,1
396,129.238,0.214995,8.33968,8.33968,9.49938,9.49938,0.177201,2.25845,2.42131,3.94161,1,1
397,129.453,0.219347,8.3977,8.3977,10.1464,10.1464,0.155321,2.57979,2.7686,4.3476,1,1
398,129.673,0.224671,8.46481,8.46481,10.972,10.972,0.132827,2.84217,3.05377,4.67018,1,1
399,129.897,0.23086,8.53992,8.53992,12.019,12.019,0.110693,3.049,3.28035,4.91788,1,1
400,130.128,0.237602,8.62194,8.62194,12.6805,13.3544,0.0896622,3.20601,3.45433,4.94502,1,1
401,130.366,0.24374,8.70985,8.70985,12.6215,13.6742,0.0855176,3.21858,3.4734,4.95474,1,1
402,130.61,0.248968,8.79946,8.79946,12.5547,13.8847,0.0829438,3.21963,3.48023,4.94964,1,1
403,130.859,0.25333,8.89008,8.89008,12.4827,13.9904,0.0816954,3.21092,3.47664,4.93053,1,1
404,131.112,0.256796,8.98112,8.98112,12.4075,13.9972,0.0816154,3.19308,3.46322,4.89687,1,1
405,131.369,0.259407,9.07196,9.07196,12.3308,13.9125,0.0826128,3.16583,3.43958,4.84677,1,1
406,131.628,0.261175,9.16203,9.16203,12.2545,13.7441,0.0846492,3.12803,3.40439,4.7769,1,1
407,131.889,0.262087,9.25077,9.25077,12.1805,13.5006,0.0877302,3.07763,3.35531,4.682,1,1
408,132.151,0.262205,9.33756,9.33756,12.1115,13.1907,0.0919013,3.01136,3.28865,4.55415,1,1
409,132.414,0.26151,9.42174,9.42174,12.051,12.823,0.0972469,2.92425,3.19885,4.38138,1,1
410,132.675,0.26015,9.50256,9.50256,12.0057,12.4063,0.10389,2.80876,3.0775,4.39292,1,1
411,132.935,0.258478,9.57915,9.57915,11.9519,12.5379,0.101721,2.8118,3.0856,4.3977,1,1
412,133.194,0.256537,9.65472,9.65472,11.8917,12.6501,0.0999232,2.81051,3.08896,4.39507,1,1
413,133.45,0.25435,9.72911,9.72911,11.8267,12.7402,0.0985156,2.80453,3.08711,4.38417,1,1
414,133.705,0.251863,9.80216,9.80216,11.758,12.8052,0.0975182,2.79332,3.07945,4.36387,1,1
415,133.956,0.249095,9.87367,9.87367,11.6868,12.8422,0.096956,2.77622,3.0652,4.33266,1,1
416,134.206,0.246031,9.94346,9.94346,11.614,12.8486,0.0968599,2.75229,3.04327,4.28848,1,1
417,134.452,0.242634,10.0113,10.0113,11.5405,12.8216,0.0972688,2.72028,3.01224,4.22851,1,1
418,134.694,0.238933,10.077,10.077,11.4672,12.7586,0.0982317,2.67845,2.97012,4.14883,1,1
419,134.933,0.234884,10.1404,10.1404,11.3952,12.6573,0.0998108,2.62437,2.91415,4.04386,1,1
420,135.168,0.230633,10.201,10.201,11.3254,12.5155,0.102085,2.55459,2.84042,3.82002,1,1
421,135.399,0.22667,10.2586,10.2586,11.2629,12.1906,0.107599,2.41012,2.68319,3.57878,1,1
422,135.625,0.223099,10.3117,10.3117,11.2079,11.9071,0.112782,2.25527,2.51375,3.32498,1,1
423,135.848,0.219959,10.3603,10.3603,11.1608,11.6647,0.11752,2.09305,2.33547,3.06598,1,1
424,136.068,0.217222,10.4047,10.4047,11.1218,11.4626,0.121699,1.9281,2.15355,2.81242,1,1
425,136.286,0.214917,10.4449,10.4449,11.091,11.3007,0.125212,1.76704,1.97545,2.57868,1,1
426,136.501,0.213042,10.4812,10.4812,11.0686,11.1786,0.127962,1.61885,1.81127,2.38279,1,1
427,136.714,0.211576,10.514,10.514,11.0548,11.0964,0.129866,1.49476,1.67368,2.24461,1,1
428,136.925,0.210549,10.5441,10.5441,11.0515,11.0539,0.130865,1.40711,1.57662,2.18119,1,1
429,137.136,0.209926,10.5721,10.5721,11.0515,11.0515,0.130923,1.36648,1.53208,2.20044,1,1
430,137.346,0.209909,10.5992,10.5992,11.0893,11.0893,0.13003,1.37768,1.5456,3.46099,1,1
431,137.556,0.211189,10.6265,10.6265,12.1208,12.1208,0.108841,2.16554,2.43101,4.29549,1,1
432,137.767,0.213863,10.6694,10.6694,13.6834,13.6834,0.0854027,2.68502,3.01717,4.85747,1,1
433,137.981,0.217911,10.7231,10.7231,13.9324,16.1589,0.0612394,3.03251,3.4119,5.20251,1,1
434,138.198,0.223259,10.7845,10.7845,13.8468,20.5848,0.0377367,3.24325,3.65426,5.37253,1,1
435,138.422,0.229907,10.8515,10.8515,13.7498,31.5938,0.0160196,3.34396,3.77368,5.40885,1,1
436,138.652,0.237844,10.9221,10.9221,13.6476,32.16,-0.00311482,3.36091,3.79919,5.35301,1,1
437,138.889,0.247046,10.995,10.995,13.5438,28.8594,-0.0191992,3.3204,3.75997,5.2445,1,1
438,139.137,0.257563,11.0694,11.0694,13.4401,22.3331,-0.0320595,3.24725,3.68376,5.11775,1,1
439,139.394,0.269375,11.1447,11.1447,13.3368,19.5677,-0.0417615,3.16296,3.59473,4.99949,1,1
440,139.663,0.282086,11.2209,11.2209,13.2328,18.1496,-0.0485427,3.08408,3.51166,4.91568,1,1
441,139.946,0.293903,11.2982,11.2982,13.126,17.4809,-0.0523271,3.02657,3.45279,4.82111,1,1
442,140.239,0.30437,11.3766,11.3766,13.0169,16.8878,-0.0560671,2.96252,3.38636,4.71055,1,1
443,140.544,0.313566,11.4556,11.4556,12.9064,16.3338,-0.0599352,2.88881,3.30871,4.57773,1,1
444,140.857,0.321484,11.5344,11.5344,12.7957,15.799,-0.0640615,2.80172,3.21541,4.41468,1,1
445,141.179,0.328207,11.6122,11.6122,12.6861,15.2728,-0.0685517,2.69653,3.10088,4.21064,1,1
446,141.507,0.333788,11.6882,11.6882,12.5792,14.7499,-0.0734988,2.56683,2.95756,3.95024,1,1
447,141.841,0.338252,11.7613,11.7613,12.4774,14.2281,-0.0789884,2.4035,2.77466,3.60998,1,1
448,142.179,0.341721,11.8302,11.8302,12.3834,13.7075,-0.0851015,2.19248,2.53566,3.14953,1,1
449,142.521,0.344224,11.8934,11.8934,12.302,13.1897,-0.0919154,1.90962,2.21224,2.48409,1,1
450,142.865,0.346003,11.9485,11.9485,12.2416,12.677,-0.0994996,1.50394,1.74483,2.5305,1,1
451,143.211,0.34754,11.992,11.992,12.1718,12.7554,-0.0982806,1.53025,1.77743,2.54901,1,1
452,143.559,0.348904,12.0362,12.0362,12.0943,12.8157,-0.0973583,-0.893759,1.79043,2.64329,1,1
453,143.908,0.350149,12.0103,12.0808,12.0103,12.8577,-0.0967227,-3.06343,1.85665,2.79376,0,1
454,144.258,0.351222,11.9206,12.1251,11.9206,12.8816,-0.0963638,-3.19576,1.96235,2.9185,0,1
455,144.609,0.352172,11.8261,12.1688,11.8261,12.8878,-0.0962718,-3.30456,2.04997,3.02223,0,1
456,144.961,0.353001,11.7273,12.2114,11.7273,12.8768,-0.0964366,-3.39391,2.12283,3.10857,0,1
457,145.314,0.353681,11.6247,12.2525,11.6247,12.8494,-0.0968481,-3.46703,2.18347,3.1804,0,1
458,145.668,0.354276,11.5187,12.2915,11.5187,12.8067,-0.0974955,-3.52664,2.23392,3.24013,0,1
459,146.022,0.354747,11.4097,12.3278,11.4097,12.7498,-0.0983672,-3.5751,2.27587,3.28985,0,1
460,146.377,0.355197,11.298,12.3609,11.298,12.6802,-0.0994505,-4.83775,2.3108,4.46135,0,1
461,146.732,0.35569,11.1449,12.3898,11.1449,14.8176,-0.0728284,-5.48328,3.13367,5.06903,0,1
462,147.088,0.355996,10.9685,12.4561,10.9685,18.5523,-0.0464578,-5.77319,3.56051,5.35085,0,1
463,147.444,0.356002,10.7795,12.5382,10.7795,28.035,-0.0203449,-5.81749,3.75846,5.40601,0,1
464,147.8,0.355583,10.5856,12.6275,10.5856,32.16,0.00568821,-5.6709,3.7972,5.28324,0,1
465,148.155,0.354802,10.3934,12.7176,10.3934,22.3911,0.0318936,-5.35553,3.71096,5.00146,0,1
466,148.51,0.353768,10.2089,12.8019,10.2089,16.5318,0.0585085,-4.86607,3.51304,4.55431,0,1
467,148.864,0.35265,10.0389,12.8725,10.0389,13.6635,0.0856505,-4.16151,3.19896,3.90217,0,1
468,149.216,0.351805,9.89163,11.8851,9.89163,11.8851,0.113201,-3.11189,2.7409,2.92203,0,1
469,149.568,0.351581,9.78033,10.661,9.78033,10.661,0.140689,0,2.05245,0,1,1
470,149.92,0.352352,9.78033,9.78033,9.78033,9.78033,0.167167,0,0,2.17238,1,1
471,150.272,0.353697,9.78033,9.78033,10.2198,10.2198,0.153099,1.38474,1.52589,2.92614,1,1
472,150.626,0.355206,9.83028,9.83028,10.7186,10.7186,0.139182,1.86326,2.05533,3.44862,1,1
473,150.981,0.356698,9.89738,9.89738,11.2753,11.2753,0.125777,2.19286,2.42232,3.84299,1,1
474,151.338,0.357915,9.97609,9.97609,11.8907,11.8907,0.113094,2.43954,2.69933,4.15208,1,1
475,151.696,0.358719,10.0632,10.0632,12.568,12.568,0.101233,2.63082,2.91643,4.39993,1,1
476,152.054,0.358956,10.1566,10.1566,13.3143,13.3143,0.0902029,2.78223,3.09053,4.60216,1,1
477,152.413,0.358454,10.2544,10.2544,14.1421,14.1421,0.0799516,2.90386,3.23257,4.76965,1,1
478,152.772,0.357154,10.3555,10.3555,14.9655,15.0725,0.0703856,3.00279,3.35022,4.91035,1,1
479,153.129,0.354907,10.4585,10.4585,14.8872,16.1406,0.0613786,3.08422,3.44904,5.03006,1,1
480,153.484,0.351912,10.5626,10.5626,14.7843,17.4056,0.0527812,3.15193,3.53313,4.96448,1,1
481,153.836,0.349076,10.6671,10.6671,14.6869,16.9189,0.0558613,3.10336,3.48707,4.8933,1,1
482,154.185,0.346606,10.7682,10.7682,14.5952,16.4867,0.058829,3.05166,3.43707,4.81738,1,1
483,154.532,0.344572,10.866,10.866,14.5091,16.1059,0.0616432,2.99739,3.38374,4.73795,1,1
484,154.876,0.342935,10.9606,10.9606,14.4286,15.7743,0.0642626,2.94132,3.32795,4.65663,1,1
485,155.219,0.341751,11.0523,11.0523,14.3532,15.4897,0.0666457,2.88446,3.27083,4.57538,1,1
486,155.561,0.341032,11.1411,11.1411,14.2826,15.2504,0.068753,2.828,3.21376,4.49646,1,1
487,155.902,0.340754,11.2273,11.2273,14.216,15.0552,0.0705479,2.77333,3.15833,4.42234,1,1
488,156.243,0.340981,11.3112,11.3112,14.1521,14.9028,0.0719984,2.72194,3.10627,4.35556,1,1
489,156.584,0.341673,11.393,11.393,14.0898,14.7922,0.0730787,2.67534,3.05936,4.29854,1,1
490,156.925,0.34282,11.4729,11.4729,14.0273,14.7228,0.0737697,2.63498,3.01931,4.69649,1,1
491,157.268,0.344138,11.5514,11.5514,13.9232,16.3944,0.0594933,2.87315,3.29883,4.99317,1,1
492,157.612,0.345436,11.6367,11.6367,13.7957,18.7531,0.0454682,3.04795,3.50722,5.20493,1,1
493,157.958,0.346691,11.7268,11.7268,13.6531,22.4476,0.0317333,3.16977,3.65596,5.34086,1,1
494,158.304,0.347798,11.8201,11.8201,13.5013,29.5765,0.0182794,3.24457,3.75143,5.40482,1,1
495,158.652,0.348766,11.9152,11.9152,13.3444,32.16,0.0050701,3.27515,3.79637,5.39638,1,1
496,159.001,0.349586,12.0107,12.0107,13.1859,32.16,-0.007948,3.26166,3.79044,5.31081,1,1
497,159.35,0.350232,12.1053,12.1053,13.029,27.7061,-0.0208309,3.20171,3.73033,5.13872,1,1
498,159.701,0.350791,12.1975,12.1975,12.8764,21.8073,-0.0336242,3.09013,3.60945,4.8648,1,1
499,160.051,0.351266,12.2861,12.2861,12.7312,18.5728,-0.0463556,2.91825,3.41705,4.46506,1,1
500,160.403,0.351686,12.3693,12.3693,12.5964,16.46,-0.0590198,2.67224,3.13627,4.27598,1,1
501,160.754,0.351761,12.445,12.445,12.464,15.8994,-0.0632547,-3.88785,3.00347,4.13301,1,1
502,161.106,0.351402,12.3346,12.517,12.3346,15.3546,-0.0678233,-4.37842,2.90304,3.97585,0,1
503,161.458,0.350705,12.2092,12.5844,12.2092,14.8254,-0.0727521,-4.16728,2.79265,3.79096,0,1
504,161.808,0.34966,12.0889,12.6465,12.0889,14.3121,-0.0780642,-3.91826,2.66278,3.57047,0,1
505,162.158,0.348361,11.9751,12.7018,11.9751,13.8155,-0.083777,-3.61877,2.50791,3.30271,0,1
506,162.506,0.346861,11.8693,12.7488,11.8693,13.3367,-0.0899,-3.24825,2.31984,2.9687,0,1
507,162.853,0.345185,11.774,12.7841,11.774,12.8771,-0.0964314,-2.76779,2.08523,2.5326,0,1
508,163.198,0.343456,11.6926,12.4384,11.6926,12.4384,-0.103354,-2.07951,1.77891,1.9045,0,1
509,163.542,0.341696,11.6314,12.0225,11.6314,12.0225,-0.110629,-8.80285e-08,1.33773,8.06199e-08,1,1
510,163.883,0.340098,11.6314,11.6314,11.6314,11.6314,-0.118194,4.9219e-08,5.66277e-08,1.49383,1,1
511,164.224,0.338944,11.6314,11.6314,11.8643,11.8643,-0.113599,0.911995,1.04927,2.09739,1,1
512,164.563,0.338198,11.6579,11.6579,12.1423,12.1423,-0.108456,1.27959,1.47321,2.56902,1,1
513,164.901,0.337838,11.695,11.695,12.4664,12.4664,-0.102891,1.56582,1.80449,2.96626,1,1
514,165.239,0.33774,11.7401,11.7401,12.4165,12.8378,-0.0970237,1.8058,2.08351,3.31022,1,1
515,165.576,0.337878,11.792,11.792,12.3349,13.2587,-0.0909607,2.01245,2.32511,3.61172,1,1
516,165.914,0.338184,11.8495,11.8495,12.2352,13.7325,-0.0847919,2.19242,2.53688,3.87752,1,1
517,166.252,0.338563,11.9119,11.9119,12.1209,14.264,-0.0785909,2.34986,2.72358,4.1124,1,1
518,166.591,0.339011,11.9785,11.9785,11.9943,14.8598,-0.0724157,-4.25469,2.88856,4.39561,1,1
519,166.93,0.339425,11.8575,12.0487,11.8575,15.5291,-0.0663076,-5.0619,3.08749,4.63049,0,1
520,167.269,0.339783,11.7117,12.1219,11.7117,16.285,-0.0602947,-4.83675,3.25247,4.43358,0,1
521,167.609,0.340002,11.5705,12.1978,11.5705,15.2837,-0.0684545,-4.58664,3.11416,4.21249,0,1
522,167.949,0.34009,11.4349,12.2675,11.4349,14.4351,-0.0767388,-4.30871,2.95887,3.96449,0,1
523,168.289,0.340175,11.306,12.3296,11.306,13.7057,-0.085124,-3.99934,2.78467,3.6861,0,1
524,168.629,0.340287,11.1851,12.382,11.1851,13.0733,-0.0935595,-3.65391,2.58913,3.37297,0,1
525,168.97,0.340563,11.0733,12.4213,11.0733,12.523,-0.101962,-3.26605,2.36919,3.01915,0,1
526,169.31,0.341102,10.9724,12.0451,10.9724,12.0451,-0.110213,-2.82575,2.12066,2.61529,0,1
527,169.651,0.341977,10.8842,11.633,10.8842,11.633,-0.11816,-2.31329,1.83699,2.14313,0,1
528,169.993,0.343359,10.8113,11.2826,10.8113,11.2826,-0.125614,-1.67362,1.50534,1.55164,0,1
529,170.337,0.345315,10.758,10.9914,10.758,10.9914,-0.132359,0,1.08987,0,1,1
530,170.682,0.347859,10.758,10.758,10.758,10.758,-0.138163,0,0,2.00465,1,1
531,171.03,0.350377,10.758,10.758,11.0394,11.1626,-0.128329,1.25048,1.40807,2.65879,1,1
532,171.38,0.352568,10.7987,10.7987,10.9569,11.5713,-0.119424,1.54033,1.86755,3.0931,1,1
533,171.733,0.354376,10.8488,10.8526,10.8488,11.9772,-0.111467,-3.8519,2.17261,3.57288,0,1
534,172.087,0.355651,10.7223,10.9152,10.7223,12.3734,-0.104443,-4.22241,2.5096,3.92398,0,1
535,172.443,0.356356,10.5813,10.9838,10.5813,12.7527,-0.0983228,-4.49784,2.75622,4.18842,0,1
536,172.799,0.356416,10.4287,11.0566,10.4287,13.1078,-0.0930668,-4.70515,2.94196,4.39078,0,1
537,173.156,0.355731,10.2667,11.1322,10.2667,13.4314,-0.0886364,-4.8619,3.0841,4.54703,0,1
538,173.511,0.354304,10.0968,11.2097,10.0968,13.7158,-0.0849991,-4.98025,3.19385,4.66818,0,1
539,173.866,0.352033,9.92049,11.2879,9.92049,13.9533,-0.0821306,-5.06882,3.27895,4.76202,0,1
540,174.218,0.348966,9.73896,11.3662,9.73896,14.136,-0.0800208,-5.16593,3.34486,4.86445,0,1
541,174.567,0.345217,9.55206,11.4438,9.55206,14.4376,-0.0767124,-5.24183,3.41681,4.94737,0,1
542,174.912,0.340749,9.3607,11.5215,9.3607,14.7138,-0.0738598,-5.30063,3.47505,5.01448,0,1
543,175.253,0.33557,9.16572,11.5986,9.16572,14.9583,-0.0714644,-5.34558,3.52219,5.06869,0,1
544,175.588,0.329593,8.96788,11.6748,8.96788,15.1647,-0.0695325,-5.37926,3.56026,5.1123,0,1
545,175.918,0.322828,8.76794,11.7495,8.76794,15.3257,-0.0680796,-5.40369,3.59089,5.14711,0,1
546,176.241,0.315239,8.56668,11.8225,8.56668,15.4334,-0.0671325,-5.42042,3.61535,5.17449,0,1
547,176.556,0.306769,8.36484,11.8933,8.36484,15.4794,-0.0667345,-5.43061,3.63458,5.19544,0,1
548,176.863,0.297441,8.16325,11.9614,8.16325,15.4541,-0.0669527,-5.43502,3.64929,5.21061,0,1
549,177.16,0.287189,7.96275,12.0264,7.96275,15.3475,-0.0678861,-5.43405,3.65995,5.22028,0,1
550,177.447,0.276279,7.76429,12.0878,7.76429,15.1486,-0.0696808,-5.29195,3.66675,5.0935,0,1
551,177.724,0.26571,7.57364,12.1452,7.57364,13.0431,-0.0939932,-5.09854,3.57769,4.91605,0,1
552,177.989,0.255803,7.39261,11.4402,7.39261,11.4402,-0.122178,-4.8407,3.45305,4.67502,0,1
553,178.245,0.246731,7.22316,10.1812,7.22316,10.1812,-0.15426,-4.5037,3.28375,4.3559,0,1
554,178.492,0.238624,7.06765,9.17704,7.06765,9.17704,-0.189868,-4.07262,3.0596,3.944,0,1
555,178.73,0.23171,6.92878,8.3745,6.92878,8.3745,-0.228002,-3.53484,2.77028,3.4269,0,1
556,178.962,0.226208,6.80955,7.74101,6.80955,7.74101,-0.266847,-2.88419,2.40707,2.79852,0,1
557,179.188,0.222337,6.71305,7.25648,6.71305,7.25648,-0.303672,-2.12658,1.96569,2.0647,0,1
558,179.411,0.220377,6.64225,6.90883,6.64225,6.90883,-0.335002,-1.29114,1.45025,1.25404,0,1
559,179.631,0.22052,6.59927,6.69101,6.59927,6.69101,-0.357169,-8.30048e-08,0.880844,8.06199e-08,1,1
560,179.852,0.222619,6.59927,6.59927,6.59927,6.59927,-0.367168,5.42428e-08,5.66277e-08,1.93454,1,1
561,180.074,0.225218,6.59927,6.59927,6.82886,6.82886,-0.342894,1.3016,1.35883,2.49414,1,1
562,180.299,0.22777,6.64354,6.64354,7.05244,7.05244,-0.321497,1.67712,1.75189,2.83323,1,1
563,180.527,0.230168,6.70079,6.70079,7.25984,7.25984,-0.303391,1.90366,1.99007,3.04522,1,1
564,180.757,0.232269,6.76587,6.76587,7.44196,7.44196,-0.288723,2.04428,2.13897,3.16613,1,1
565,180.99,0.234016,6.83569,6.83569,7.59105,7.59105,-0.277493,2.12341,2.2239,3.21237,1,1
566,181.224,0.235351,6.908,6.908,7.70103,7.70103,-0.269624,2.15225,2.25638,3.18999,1,1
567,181.459,0.236214,6.98094,6.98094,7.75899,7.7677,-0.265016,2.13506,2.24066,3.09729,1,1
568,181.695,0.236631,7.05281,7.05281,7.72905,7.78891,-0.263574,2.0709,2.17555,2.9246,1,1
569,181.932,0.236577,7.12195,7.12195,7.69703,7.76466,-0.265223,1.95349,2.05425,2.65074,1,1
570,182.168,0.236535,7.18655,7.18655,7.69703,7.69703,-0.269904,1.7689,1.86189,3.13727,1,1
571,182.405,0.238158,7.24454,7.24454,8.02619,8.02619,-0.248221,2.09178,2.20363,3.66524,1,1
572,182.643,0.241642,7.31298,7.31298,8.52676,8.52676,-0.219932,2.44133,2.57448,4.14762,1,1
573,182.885,0.246805,7.39321,7.39321,9.22634,9.22634,-0.187844,2.75931,2.91331,4.54842,1,1
574,183.132,0.253407,7.48476,7.48476,10.1713,10.1713,-0.154563,3.02174,3.19482,4.85933,1,1
575,183.385,0.261294,7.58637,7.58637,11.4412,11.4412,-0.122155,3.22324,3.41321,5.08618,1,1
576,183.646,0.270321,7.69659,7.69659,13.1816,13.1816,-0.0920278,3.36789,3.57255,5.24104,1,1
577,183.917,0.280338,7.81398,7.81398,15.6853,15.6853,-0.064994,3.46396,3.68133,5.33783,1,1
578,184.197,0.291306,7.93728,7.93728,19.6516,19.6516,-0.0414056,3.52089,3.74931,5.38997,1,1
579,184.488,0.303125,8.06547,8.06547,20.7175,27.4037,-0.0212931,3.54777,3.78593,5.40934,1,1
580,184.791,0.315432,8.19772,8.19772,20.616,32.16,-0.00449492,3.55261,3.79954,5.4098,1,1
581,185.107,0.326759,8.3333,8.3333,20.5096,32.16,-0.00314726,3.54468,3.79986,5.41008,1,1
582,185.434,0.3367,8.47115,8.47115,20.3989,32.16,-0.00205612,3.53635,3.80006,5.41023,1,1
583,185.77,0.345306,8.61056,8.61056,20.2844,32.16,-0.00114363,3.5277,3.80016,5.4103,1,1
584,186.116,0.352524,8.75088,8.75088,20.1665,32.16,-0.00035455,3.51879,3.80021,5.4103,1,1
585,186.468,0.358393,8.89151,8.89151,20.0458,32.16,0.000351908,3.50967,3.80021,5.41024,1,1
586,186.826,0.362916,9.03186,9.03186,19.9226,32.16,0.0010072,3.50039,3.80017,5.41011,1,1
587,187.189,0.36605,9.17144,9.17144,19.7975,32.16,0.00163706,3.49097,3.80008,5.4099,1,1
588,187.555,0.367851,9.30973,9.30973,19.671,32.16,0.00226392,3.48144,3.79993,5.4096,1,1
589,187.923,0.368263,9.44628,9.44628,19.5434,32.16,0.00290883,3.47183,3.79972,5.40916,1,1
590,188.292,0.367591,9.58068,9.58068,19.4154,32.16,0.00359302,3.46216,3.79941,5.4095,1,1
591,188.659,0.366888,9.71261,9.71261,19.287,32.16,0.00293823,3.45302,3.79965,5.4098,1,1
592,189.026,0.366374,9.84218,9.84218,19.1582,32.16,0.00226998,3.4439,3.79986,5.41004,1,1
593,189.392,0.366105,9.96955,9.96955,19.0289,32.16,0.00159178,3.43478,3.80003,5.41022,1,1
594,189.758,0.366025,10.0949,10.0949,18.8991,32.16,0.000907161,3.42565,3.80015,5.4103,1,1
595,190.125,0.366174,10.2184,10.2184,18.7688,32.16,0.000219794,3.41649,3.80021,5.41028,1,1
596,190.491,0.366555,10.3401,10.3401,18.6379,32.16,-0.000466686,3.40728,3.8002,5.41014,1,1
597,190.857,0.367124,10.4601,10.4601,18.5063,32.16,-0.00114867,3.39801,3.8001,5.40987,1,1
598,191.224,0.367938,10.5787,10.5787,18.374,32.16,-0.00182252,3.38867,3.79991,5.40945,1,1
599,191.592,0.368941,10.6959,10.6959,18.2409,32.16,-0.00248481,3.37925,3.79962,5.40889,1,1
600,191.961,0.370046,10.8119,10.8119,18.1069,32.16,-0.00313212,3.36974,3.79922,5.40981,1,1
601,192.331,0.370742,10.9266,10.9266,17.9716,32.16,-0.00181111,3.36115,3.79987,5.41027,1,1
602,192.702,0.370858,11.0401,11.0401,17.8354,32.16,-0.000512918,3.35227,3.80019,5.41021,1,1
603,193.073,0.37045,11.1521,11.1521,17.6985,32.16,0.000779896,3.3431,3.80015,5.40957,1,1
604,193.443,0.369462,11.2626,11.2626,17.5611,32.16,0.00208482,3.3336,3.7997,5.40824,1,1
605,193.813,0.367935,11.3714,11.3714,17.4235,32.16,0.00341949,3.32373,3.79877,5.40607,1,1
606,194.181,0.365873,11.4785,11.4785,17.2861,32.16,0.00480261,3.31342,3.79724,5.40285,1,1
607,194.547,0.363232,11.5836,11.5836,17.1491,32.16,0.00625434,3.30255,3.79498,5.3983,1,1
608,194.91,0.360071,11.6867,11.6867,17.0128,32.16,0.00779678,3.29097,3.79178,5.39202,1,1
609,195.27,0.356335,11.7877,11.7877,16.8775,32.16,0.00945512,3.27846,3.78737,5.38347,1,1
610,195.626,0.352246,11.8864,11.8864,16.7437,32.16,0.0112581,3.26472,3.78137,5.38532,1,1
611,195.978,0.348518,11.9827,11.9827,16.6103,32.16,0.0106916,3.25743,3.78266,5.38764,1,1
612,196.327,0.345287,12.0771,12.0771,16.4773,32.16,0.0100246,3.25052,3.7843,5.39037,1,1
613,196.672,0.342607,12.1697,12.1697,16.3444,32.16,0.00926162,3.24395,3.78621,5.39338,1,1
614,197.015,0.340424,12.2607,12.2607,16.2115,32.16,0.00840913,3.23761,3.78833,5.39653,1,1
615,197.355,0.338774,12.3502,12.3502,16.0784,32.16,0.00747601,3.23143,3.79054,5.39969,1,1
616,197.694,0.337659,12.4385,12.4385,15.9449,32.16,0.00647311,3.22529,3.79276,5.40267,1,1
617,198.032,0.337037,12.5258,12.5258,15.8108,32.16,0.00541303,3.21908,3.79485,5.40533,1,1
618,198.369,0.336961,12.6121,12.6121,15.6759,32.16,0.00430989,3.2127,3.79672,5.40753,1,1
619,198.706,0.337377,12.6977,12.6977,15.5401,32.16,0.00317874,3.20605,3.79827,5.40914,1,1
620,199.043,0.338212,12.7826,12.7826,15.4032,32.16,0.00203533,3.19905,3.7994,5.41025,1,1
621,199.381,0.339013,12.8669,12.8669,15.2649,32.16,0.000438709,3.19176,3.80018,5.40992,1,1
622,199.72,0.339631,12.9507,12.9507,15.1255,32.16,-0.00113867,3.18361,3.79995,5.40808,1,1
623,200.06,0.340116,13.034,13.034,14.9849,32.16,-0.00270352,3.17458,3.79865,5.40461,1,1
624,200.4,0.340417,13.1165,13.1165,14.8433,32.16,-0.0042626,3.16462,3.79622,5.39941,1,1
625,200.741,0.340573,13.1984,13.1984,14.7008,32.16,-0.00582232,3.15368,3.79257,5.39231,1,1
626,201.081,0.340587,13.2795,13.2795,14.5574,32.16,-0.00738917,3.14166,3.78758,5.38312,1,1
627,201.422,0.340421,13.3599,13.3599,14.4132,32.16,-0.00896958,3.12848,3.78112,5.37161,1,1
628,201.762,0.340127,13.4394,13.4394,14.2684,32.16,-0.0105698,3.11402,3.77304,5.3575,1,1
629,202.102,0.339657,13.5179,13.5179,14.1229,32.16,-0.0121964,3.09813,3.76313,5.34046,1,1
630,202.442,0.33912,13.5956,13.5956,13.9769,32.16,-0.0138556,3.08064,3.75116,5.29977,1,1
631,202.781,0.338798,13.6722,13.6722,13.831,30.4879,-0.0172029,0.524553,3.72258,5.25186,1,1
632,203.12,0.33873,13.6852,13.7476,13.6852,27.9209,-0.0205115,-5.85404,3.68893,5.20581,0,1
633,203.459,0.338974,13.5395,13.8216,13.5395,25.9447,-0.0237552,-5.78641,3.65658,5.15789,0,1
634,203.798,0.339486,13.3939,13.8943,13.3939,24.3773,-0.0269082,-5.71891,3.62292,5.10974,0,1
635,204.137,0.340318,13.2481,13.9655,13.2481,23.1086,-0.0299439,-5.65336,3.5891,5.06299,0,1
636,204.477,0.341478,13.1021,14.0353,13.1021,22.0673,-0.0328366,-5.59151,3.55626,5.01926,0,1
637,204.819,0.342941,12.9555,14.1036,12.9555,21.2051,-0.035561,-5.53497,3.52554,4.98004,0,1
638,205.162,0.34477,12.8082,14.1703,12.8082,20.4883,-0.0380931,-5.48517,3.49799,4.94666,0,1
639,205.506,0.346927,12.6597,14.2356,12.6597,19.892,-0.0404109,-5.44327,3.47455,4.92025,0,1
640,205.853,0.349271,12.5096,14.2994,12.5096,19.3983,-0.0424943,-5.33168,3.456,4.83044,0,1
641,206.203,0.351037,12.3599,14.3618,12.3599,18.4166,-0.0471454,-5.20806,3.39291,4.72908,0,1
642,206.554,0.352088,12.211,14.4207,12.211,17.5202,-0.0520932,-5.06891,3.32172,4.61289,0,1
643,206.906,0.352383,12.064,14.4751,12.064,16.6889,-0.0574115,-4.90969,3.24011,4.47757,0,1
644,207.258,0.352043,11.9197,14.5236,11.9197,15.9097,-0.0631733,-4.72429,3.14506,4.31738,0,1
645,207.61,0.351091,11.7794,14.5641,11.7794,15.1734,-0.069453,-4.50426,3.03254,4.1244,0,1
646,207.961,0.349584,11.6443,14.4743,11.6443,14.4743,-0.0763243,-4.2374,2.89699,3.88721,0,1
647,208.311,0.34761,11.5164,13.8088,11.5164,13.8088,-0.0838583,-3.90475,2.73039,3.58812,0,1
648,208.659,0.345169,11.398,13.1749,11.398,13.1749,-0.0921213,-3.47379,2.52031,3.19688,0,1
649,209.004,0.34242,11.2923,12.5722,11.2923,12.5722,-0.101166,-2.87725,2.2455,2.65116,0,1
650,209.346,0.339493,11.2047,12.0009,11.2047,12.0009,-0.111027,-2.73165,1.86218,2.51994,0,1
651,209.686,0.336697,11.1216,11.8228,11.1216,11.8228,-0.114398,-2.57394,1.77001,2.37703,0,1
652,210.022,0.334138,11.0434,11.6517,11.0434,11.6517,-0.117782,-2.40331,1.66963,2.22169,0,1
653,210.356,0.331762,10.9705,11.4888,10.9705,11.4888,-0.121145,-2.21884,1.56052,2.05306,0,1
654,210.688,0.329669,10.9031,11.3353,10.9031,11.3353,-0.124449,-2.01929,1.44208,1.86998,0,1
655,211.018,0.327852,10.8419,11.1923,10.8419,11.1923,-0.127649,-1.80273,1.31348,1.67068,0,1
656,211.346,0.326338,10.7873,11.0609,10.7873,11.0609,-0.130699,-1.56575,1.17349,1.45199,0,1
657,211.672,0.325172,10.7398,10.9424,10.7398,10.9424,-0.133547,-1.30077,1.01988,1.2069,0,1
658,211.997,0.324311,10.7003,10.8378,10.7003,10.8378,-0.136137,-0.986288,0.847733,0.915485,0,1
659,212.322,0.323846,10.6704,10.7482,10.6704,10.7482,-0.138416,-0.496054,0.64304,0.460537,0,1
660,212.645,0.323796,10.6553,10.6747,10.6553,10.6747,-0.140327,0,0.323483,0,1,1
661,212.969,0.324256,10.6553,10.6553,10.6553,10.6553,-0.140839,0,0,0.221661,1,1
662,213.293,0.32527,10.6553,10.6553,10.6598,10.6598,-0.14072,0.138601,0.155695,0.56116,1,1
663,213.619,0.326778,10.6596,10.6596,10.6884,10.6884,-0.139968,0.35085,0.394161,0.875569,1,1
664,213.945,0.328855,10.6703,10.6703,10.7414,10.7414,-0.138592,0.547288,0.615002,1.18203,1,1
665,214.274,0.331474,10.6872,10.6872,10.8187,10.8187,-0.136619,0.738558,0.830263,1.47994,1,1
666,214.606,0.334639,10.7101,10.7101,10.9203,10.9203,-0.134086,0.924209,1.03952,1.76773,1,1
667,214.94,0.338366,10.7389,10.7389,11.0463,11.0463,-0.131046,1.10319,1.24166,2.04386,1,1
668,215.279,0.342583,10.7736,10.7736,11.1964,11.1964,-0.127555,1.27447,1.43561,2.30694,1,1
669,215.621,0.347345,10.8141,10.8141,11.3704,11.3704,-0.123682,1.43715,1.62041,2.55605,1,1
670,215.969,0.352512,10.8601,10.8601,11.568,11.568,-0.119493,1.59061,1.79538,3.63308,1,1
671,216.321,0.357538,10.9116,10.9116,12.676,12.676,-0.0995161,2.25806,2.55189,4.27066,1,1
672,216.679,0.362126,10.9854,10.9854,13.1341,14.0202,-0.0813487,2.64965,2.99973,4.69518,1,1
673,217.041,0.366027,11.0724,11.0724,13.0126,15.7078,-0.0648074,2.90692,3.29791,4.98833,1,1
674,217.407,0.369186,11.168,11.168,12.8665,17.9482,-0.049638,3.0812,3.50382,5.1902,1,1
675,217.776,0.371469,11.2694,11.2694,12.7047,21.2091,-0.0355478,3.19787,3.64561,5.32206,1,1
676,218.148,0.372811,11.3744,11.3744,12.5327,26.8185,-0.0222325,3.27053,3.73823,5.39409,1,1
677,218.52,0.373186,11.4811,11.4811,12.3546,32.16,-0.0093851,3.30586,3.78883,5.40823,1,1
678,218.894,0.372506,11.588,11.588,12.1734,32.16,0.00330232,3.30546,3.79876,5.35854,1,1
679,219.266,0.370846,11.6938,11.6938,11.9923,31.4787,0.016137,3.26613,3.76386,5.22977,1,1
680,219.637,0.368188,11.7969,11.7969,11.8139,23.3077,0.0294347,-5.14199,3.6734,5.20888,1,1
681,220.005,0.364458,11.6353,11.8957,11.6353,22.3788,0.0319288,-5.64509,3.65874,5.18296,0,1
682,220.37,0.359657,11.4571,11.9917,11.4571,21.3923,0.0349415,-5.59402,3.64053,5.14899,0,1
683,220.729,0.353723,11.2802,12.0845,11.2802,20.3575,0.0385839,-5.53167,3.61667,5.10409,0,1
684,221.083,0.346753,11.1053,12.1736,11.1053,19.2836,0.0430012,-5.4535,3.58513,5.04391,0,1
685,221.43,0.338731,10.9337,12.2584,10.9337,18.179,0.0483857,-5.35246,3.54286,4.96177,0,1
686,221.768,0.329685,10.7666,12.338,10.7666,17.052,0.054993,-5.21721,3.48516,4.84689,0,1
687,222.098,0.319658,10.6057,12.4116,10.6057,15.9105,0.0631666,-5.02857,3.40447,4.68114,0,1
688,222.418,0.308625,10.453,12.4775,10.453,14.7624,0.0733739,-4.75197,3.28805,4.43187,0,1
689,222.726,0.296689,10.3118,12.5333,10.3118,13.6156,0.0862544,-4.31783,3.11296,4.03352,0,1
690,223.023,0.284332,10.1868,12.478,10.1868,12.478,0.102699,-3.81649,2.83316,3.57011,0,1
691,223.307,0.273403,10.0797,11.6283,10.0797,11.6283,0.118255,-3.20847,2.50766,3.00469,0,1
692,223.581,0.264407,9.99228,10.9573,9.99228,10.9573,0.133182,-2.49378,2.1105,2.33736,0,1
693,223.845,0.257332,9.92608,10.4522,9.92608,10.4522,0.146367,-1.68151,1.64177,1.5769,0,1
694,224.103,0.252267,9.88239,10.1042,9.88239,10.1042,0.156623,-0.780886,1.10762,0.732491,0,1
695,224.355,0.249206,9.86243,9.90815,9.86243,9.90815,0.162881,0,0.514504,0,1,1
696,224.604,0.248152,9.86243,9.86243,9.86243,9.86243,0.164395,0,0,1.10898,1,1
697,224.852,0.249101,9.86243,9.86243,9.96883,9.96883,0.160904,0.705682,0.778952,1.95786,1,1
698,225.101,0.251971,9.88024,9.88024,10.2331,10.2331,0.152701,1.24538,1.3752,2.72697,1,1
699,225.353,0.25676,9.91195,9.91195,10.6655,10.6655,0.14057,1.73345,1.91543,3.39362,1,1
700,225.61,0.263047,9.95675,9.95675,11.2824,11.2824,0.125619,2.15516,2.38369,3.70505,1,1
701,225.873,0.269392,10.0135,10.0135,11.7302,11.7302,0.11621,2.35009,2.60244,3.92849,1,1
702,226.142,0.275439,10.0766,10.0766,12.1521,12.1521,0.108281,2.48844,2.75938,4.09317,1,1
703,226.418,0.281113,10.1443,10.1443,12.5446,12.5446,0.101612,2.58894,2.87506,4.2161,1,1
704,226.699,0.286463,10.2158,10.2158,12.9047,12.9047,0.0960195,2.66252,2.9614,4.30801,1,1
705,226.986,0.291456,10.2902,10.2902,13.2301,13.2301,0.0913546,2.7161,3.02596,4.37596,1,1
706,227.277,0.296088,10.3669,10.3669,13.5188,13.5188,0.0874946,2.75424,3.07369,4.42474,1,1
707,227.573,0.300373,10.4452,10.4452,13.7694,13.7694,0.0843392,2.78004,3.10795,4.45762,1,1
708,227.873,0.304245,10.5249,10.5249,13.9809,13.9809,0.0818068,2.79564,3.13104,4.47681,1,1
709,228.178,0.307767,10.6054,10.6054,14.1528,14.1528,0.0798312,2.8025,3.14453,4.48379,1,1
710,228.485,0.310987,10.6864,10.6864,14.2852,14.2852,0.0783584,2.80162,3.14943,4.72066,1,1
711,228.796,0.314162,10.7676,10.7676,15.405,15.405,0.0673803,2.94404,3.31581,4.91107,1,1
712,229.111,0.317329,10.8532,10.8532,16.7555,16.7555,0.0569562,3.05662,3.44956,5.06301,1,1
713,229.428,0.32037,10.9422,10.9422,18.4298,18.4298,0.0470779,3.14451,3.55628,5.1824,1,1
714,229.748,0.323315,11.0339,11.0339,19.8453,20.5897,0.0377188,3.21157,3.64014,5.2737,1,1
715,230.072,0.326108,11.1276,11.1276,19.766,23.5482,0.0288365,3.2607,3.70426,5.34014,1,1
716,230.398,0.328727,11.2227,11.2227,19.6677,28.01,0.0203812,3.29407,3.75093,5.38397,1,1
717,230.726,0.331177,11.3188,11.3188,19.5585,32.16,0.0122994,3.31319,3.78172,5.40661,1,1
718,231.058,0.333376,11.4153,11.4153,19.4437,32.16,0.00453591,3.31906,3.79762,5.40868,1,1
719,231.391,0.335392,11.5119,11.5119,19.3273,32.16,-0.0029611,3.3122,3.79907,5.39012,1,1
720,231.726,0.337185,11.608,11.608,19.2129,32.16,-0.0102422,3.2927,3.78604,5.38806,1,1
721,232.064,0.338691,11.7032,11.7032,19.0976,32.16,-0.0105761,3.28332,3.78459,5.38572,1,1
722,232.402,0.339915,11.7978,11.7978,18.9815,32.16,-0.0109402,3.27375,3.78295,5.38305,1,1
723,232.742,0.340782,11.8918,11.8918,18.8647,32.16,-0.0113368,3.26399,3.78107,5.37999,1,1
724,233.083,0.341369,11.985,11.985,18.7474,32.16,-0.0117687,3.25401,3.77892,5.37649,1,1
725,233.424,0.341652,12.0773,12.0773,18.6297,32.16,-0.0122388,3.24377,3.77646,5.37246,1,1
726,233.766,0.341632,12.1687,12.1687,18.5116,32.16,-0.0127507,3.23326,3.77363,5.36782,1,1
727,234.108,0.341334,12.2591,12.2591,18.3934,32.16,-0.0133083,3.22241,3.77037,5.36246,1,1
728,234.449,0.340684,12.3485,12.3485,18.2752,32.16,-0.0139161,3.21118,3.76661,5.35624,1,1
729,234.79,0.339757,12.4368,12.4368,18.1571,32.16,-0.0145792,3.19949,3.76224,5.34901,1,1
730,235.129,0.338606,12.5239,12.5239,18.0392,32.16,-0.0153032,3.18727,3.75716,5.33999,1,1
731,235.468,0.337533,12.6098,12.6098,17.9218,31.4556,-0.0161607,3.17407,3.75083,5.33029,1,1
732,235.806,0.336638,12.6945,12.6945,17.8048,30.6672,-0.0170024,3.16055,3.74401,5.31994,1,1
733,236.142,0.335849,12.778,12.778,17.6882,29.9517,-0.0178244,3.14672,3.73675,5.30899,1,1
734,236.478,0.335242,12.8605,12.8605,17.5719,29.3026,-0.0186228,3.13262,3.72905,5.2975,1,1
735,236.813,0.334793,12.9419,12.9419,17.4557,28.7141,-0.0193939,3.11828,3.72098,5.28554,1,1
736,237.148,0.334505,13.0223,13.0223,17.3397,28.1815,-0.0201339,3.10375,3.71258,5.27319,1,1
737,237.483,0.334403,13.1018,13.1018,17.2236,27.7006,-0.0208391,3.08906,3.70391,5.26056,1,1
738,237.817,0.334414,13.1804,13.1804,17.1075,27.2675,-0.0215063,3.07427,3.69503,5.24774,1,1
739,238.151,0.334615,13.2581,13.2581,16.9911,26.8793,-0.022132,3.05946,3.68603,5.23487,1,1
740,238.486,0.334945,13.3351,13.3351,16.8744,26.5331,-0.0227134,3.04467,3.67699,5.25319,1,1
741,238.821,0.335256,13.4114,13.4114,16.7554,27.4192,-0.021269,3.04805,3.68986,5.2706,1,1
742,239.156,0.335533,13.4874,13.4874,16.6342,28.3846,-0.0198469,3.05084,3.70209,5.2871,1,1
743,239.492,0.335697,13.5631,13.5631,16.511,29.4433,-0.0184452,3.05303,3.71367,5.30267,1,1
744,239.827,0.335821,13.6384,13.6384,16.3859,30.6132,-0.0170623,3.05464,3.72462,5.31733,1,1
745,240.163,0.335877,13.7134,13.7134,16.2591,31.9178,-0.015696,3.05567,3.73491,5.33105,1,1
746,240.499,0.335864,13.7881,13.7881,16.1307,32.16,-0.0143442,3.05613,3.74455,5.34383,1,1
747,240.835,0.335802,13.8623,13.8623,16.0008,32.16,-0.0130047,3.056,3.75352,5.35564,1,1
748,241.171,0.335616,13.9361,13.9361,15.8696,32.16,-0.011675,3.05529,3.76182,5.36645,1,1
749,241.506,0.335379,14.0095,14.0095,15.7371,32.16,-0.0103528,3.05398,3.76941,5.37623,1,1
750,241.842,0.335098,14.0824,14.0824,15.6034,32.16,-0.00903558,3.05206,3.77628,5.34953,1,1
751,242.177,0.334913,14.1549,14.1549,15.4699,32.16,-0.0119285,3.02948,3.75753,5.31439,1,1
752,242.512,0.334887,14.2264,14.2264,15.3368,32.16,-0.0148109,3.00225,3.73285,5.27046,1,1
753,242.847,0.334948,14.2969,14.2969,15.2041,30.0805,-0.017672,2.97023,3.70199,5.21748,1,1
754,243.182,0.335178,14.3663,14.3663,15.0719,27.9287,-0.0205001,2.93332,3.66477,5.1553,1,1
755,243.517,0.335559,14.4346,14.4346,14.9403,26.2062,-0.0232835,2.89148,3.6211,5.08393,1,1
756,243.852,0.336098,14.5016,14.5016,14.8092,24.7948,-0.0260098,2.84475,3.57097,5.0035,1,1
757,244.188,0.336827,14.5674,14.5674,14.6788,23.618,-0.0286661,-0.796747,3.51448,4.92602,1,1
758,244.525,0.337682,14.549,14.6319,14.549,22.6244,-0.0312395,-5.54941,3.46005,4.86264,0,1
759,244.863,0.338746,14.4196,14.6949,14.4196,21.7776,-0.0337159,-5.46768,3.41553,4.80161,0,1
760,245.202,0.339912,14.2906,14.7565,14.2906,21.0515,-0.036082,-5.70195,3.37267,5.01894,0,1
761,245.542,0.340803,14.1543,14.8165,14.1543,23.1627,-0.0298042,-5.86553,3.52532,5.1753,0,1
762,245.882,0.341332,14.0124,14.8792,14.0124,25.9521,-0.0237417,-5.97459,3.63515,5.28444,0,1
763,246.224,0.341406,13.8661,14.9438,13.8661,29.9429,-0.0178348,-6.04037,3.71181,5.3559,0,1
764,246.565,0.341089,13.7165,15.0096,13.7165,32.16,-0.0120233,-6.07078,3.762,5.39632,0,1
765,246.906,0.340347,13.5647,15.076,13.5647,32.16,-0.00624446,-6.07125,3.7904,5.41024,0,1
766,247.247,0.339176,13.4115,15.1425,13.4115,32.16,-0.000433735,-6.04528,3.80017,5.4005,0,1
767,247.586,0.3376,13.2578,15.2086,13.2578,32.16,0.00547587,-5.99469,3.79333,5.36849,0,1
768,247.923,0.335549,13.1042,15.2738,13.1042,32.16,0.0115552,-5.91984,3.77085,5.3143,0,1
769,248.259,0.333104,12.9518,15.3374,12.9518,29.907,0.0178777,-5.81956,3.73279,5.23666,0,1
770,248.592,0.330438,12.8012,15.3987,12.8012,25.5352,0.0245232,-5.97427,3.67825,5.38888,0,1
771,248.922,0.328285,12.6461,15.4572,12.6461,32.16,0.00889059,-5.96827,3.78517,5.39643,0,1
772,249.251,0.326839,12.4902,15.5186,12.4902,32.16,-0.00733798,-5.81349,3.79047,5.26878,0,1
773,249.578,0.326041,12.3371,15.5795,12.3371,25.8807,-0.0238729,-5.52081,3.70081,5.01463,0,1
774,249.904,0.326005,12.1903,15.6361,12.1903,19.8963,-0.0403936,-5.09972,3.52229,4.64167,0,1
775,250.23,0.326775,12.0532,15.6836,12.0532,16.8158,-0.0565483,-4.55774,3.26032,4.15602,0,1
776,250.556,0.328446,11.929,14.9083,11.929,14.9083,-0.0719449,-3.89849,2.9192,3.56053,0,1
777,250.885,0.33116,11.8211,13.6233,11.8211,13.6233,-0.0861574,-3.11484,2.50093,2.84846,0,1
778,251.216,0.33498,11.7335,12.7255,11.7335,12.7255,-0.0987439,-2.1581,2.00077,1.97531,0,1
779,251.551,0.340131,11.6718,12.0968,11.6718,12.0968,-0.109274,0,1.38747,0,1,1
780,251.891,0.346397,11.6718,11.6718,11.6718,11.6718,-0.117377,0,0,2.51119,1,1
781,252.238,0.352429,11.6718,11.6718,12.4017,12.4017,-0.103967,1.53149,1.76387,3.29121,1,1
782,252.59,0.3578,11.7179,11.7179,13.153,13.153,-0.0924285,2.00479,2.31176,3.77775,1,1
783,252.948,0.362333,11.779,11.779,13.9218,13.9218,-0.0825022,2.29747,2.6535,4.11429,1,1
784,253.31,0.366026,11.8494,11.8494,14.7043,14.7043,-0.073955,2.49749,2.88989,4.35947,1,1
785,253.676,0.36878,11.9263,11.9263,15.4975,15.4975,-0.066578,2.64091,3.0621,4.54412,1,1
786,254.045,0.37054,12.0077,12.0077,16.2137,16.2991,-0.0601905,2.74676,3.1918,4.68664,1,1
787,254.415,0.371282,12.0922,12.0922,16.1474,17.1074,-0.0546374,2.82642,3.29191,4.79887,1,1
788,254.787,0.370884,12.1787,12.1787,16.0601,17.9215,-0.049786,2.88727,3.37074,4.88881,1,1
789,255.158,0.36939,12.2663,12.2663,15.9588,18.7418,-0.0455235,2.93427,3.43392,4.9621,1,1
790,255.527,0.366982,12.3543,12.3543,15.8478,19.57,-0.0417518,2.97095,3.4854,5.10093,1,1
791,255.894,0.364581,12.4423,12.4423,15.7234,21.5513,-0.0344278,3.04651,3.58291,5.21994,1,1
792,256.259,0.362411,12.5312,12.5312,15.5893,24.4383,-0.0267742,3.10972,3.6665,5.3143,1,1
793,256.621,0.360361,12.6208,12.6208,15.4484,29.1425,-0.0188279,3.1578,3.73278,5.37906,1,1
794,256.981,0.358492,12.7107,12.7107,15.3032,32.16,-0.0106214,3.18796,3.77827,5.40896,1,1
795,257.34,0.356761,12.8003,12.8003,15.1561,32.16,-0.00218045,3.19728,3.79927,5.39807,1,1
796,257.697,0.355168,12.8891,12.8891,15.0091,32.16,0.00647074,3.18248,3.79162,5.33956,1,1
797,258.052,0.353745,12.9765,12.9765,14.8645,32.16,0.015307,3.13979,3.75052,5.22531,1,1
798,258.405,0.352434,13.0618,13.0618,14.7244,25.6527,0.0242991,3.06472,3.67028,5.04556,1,1
799,258.758,0.351339,13.1442,13.1442,14.591,21.878,0.0334074,2.95189,3.54402,4.78809,1,1
800,259.109,0.350474,13.2229,13.2229,14.467,19.3784,0.0425813,2.79452,3.36317,4.95357,1,1
801,259.46,0.349858,13.2967,13.2967,14.3343,20.9681,0.0363696,2.8845,3.47941,5.09653,1,1
802,259.81,0.349488,13.3724,13.3724,14.1946,23.0833,0.0300097,2.96076,3.57982,5.21487,1,1
803,260.159,0.349263,13.4496,13.4496,14.0494,26.0606,0.0235443,3.02218,3.66294,5.30677,1,1
804,260.508,0.349242,13.5278,13.5278,13.8997,30.6583,0.0170122,3.06783,3.72749,5.37059,1,1
805,260.858,0.349383,13.6068,13.6068,13.7466,32.16,0.0104455,-0.610951,3.77232,5.40489,1,1
806,261.207,0.34968,13.5911,13.6861,13.5911,32.16,0.00387329,-6.07077,3.79641,5.40784,0,1
807,261.557,0.350152,13.434,13.7653,13.434,32.16,-0.00267794,-6.02692,3.79848,5.38252,0,1
808,261.907,0.350726,13.276,13.844,13.276,32.16,-0.00918335,-5.95674,3.7807,5.33336,0,1
809,262.258,0.351486,13.1177,13.9217,13.1177,31.999,-0.0156165,-5.86514,3.74617,5.26455,0,1
810,262.609,0.352339,12.9596,13.9981,12.9596,26.9899,-0.0219509,-5.86957,3.69784,5.28185,0,1
811,262.961,0.35297,12.799,14.0725,12.799,27.4997,-0.0211447,-5.87111,3.70999,5.29665,0,1
812,263.314,0.353321,12.6361,14.1467,12.6361,27.9838,-0.0204193,-5.87024,3.72039,5.30936,0,1
813,263.668,0.353312,12.4708,14.2205,12.4708,28.4404,-0.019769,-5.86734,3.72931,5.32029,0,1
814,264.021,0.353021,12.3035,14.2939,12.3035,28.8672,-0.0191887,-5.86276,3.73699,5.32972,0,1
815,264.374,0.35242,12.1341,14.3667,12.1341,29.2621,-0.0186744,-5.85676,3.74362,5.33787,0,1
816,264.726,0.351508,11.9628,14.4389,11.9628,29.6228,-0.0182224,-5.84957,3.74934,5.34493,0,1
817,265.078,0.350308,11.7897,14.5105,11.7897,29.9469,-0.01783,-5.84139,3.7543,5.35105,0,1
818,265.428,0.348744,11.6148,14.5814,11.6148,30.2323,-0.017495,-5.83239,3.7586,5.35636,0,1
819,265.777,0.34689,11.4383,14.6514,11.4383,30.4764,-0.0172159,-5.8227,3.76233,5.36097,0,1
820,266.124,0.344823,11.2604,14.7206,11.2604,30.6767,-0.0169918,-5.73735,3.76557,5.2955,0,1
821,266.469,0.342963,11.0833,14.7889,11.0833,24.4839,-0.0266746,-5.62751,3.71958,5.20672,0,1
822,266.812,0.341467,10.9077,14.8535,10.9077,20.9246,-0.0365209,-5.49745,3.65722,5.09841,0,1
823,267.153,0.340301,10.7343,14.9127,10.7343,18.5564,-0.0464375,-5.35227,3.58114,4.97518,0,1
824,267.493,0.339594,10.5632,14.9646,10.5632,16.8518,-0.056307,-5.19806,3.49458,4.84264,0,1
825,267.833,0.339384,10.3948,15.0061,10.3948,15.5665,-0.0659898,-5.04219,3.40149,4.70762,0,1
826,268.172,0.339745,10.2288,14.5704,10.2288,14.5704,-0.0753202,-4.89324,3.30665,4.57821,0,1
827,268.512,0.340782,10.065,13.7881,10.065,13.7881,-0.0841099,-4.76084,3.21575,4.46353,0,1
828,268.853,0.34251,9.90247,13.1726,9.90247,13.1726,-0.092154,-4.65491,3.1352,4.3731,0,1
829,269.195,0.345097,9.74014,12.6937,9.74014,12.6937,-0.0992391,-4.58442,3.07168,4.31559,0,1
830,269.541,0.348154,9.57633,12.3311,9.57633,12.3311,-0.10516,-4.67336,3.03128,4.40849,0,1
831,269.889,0.349911,9.40489,12.3311,9.40489,12.3524,-0.104798,-4.71042,3.09654,4.45285,0,1
832,270.239,0.349961,9.22798,12.2443,9.22798,12.2443,-0.106657,-4.70413,3.1277,4.45633,0,1
833,270.589,0.348268,9.04782,12.0151,9.04782,12.0151,-0.110764,-4.65633,3.13014,4.42027,0,1
834,270.937,0.344972,8.86678,11.6767,8.86678,11.6767,-0.117278,-4.56274,3.10481,4.34024,0,1
835,271.282,0.340127,8.68745,11.2433,8.68745,11.2433,-0.126494,-4.41157,3.0486,4.2046,0,1
836,271.622,0.333845,8.51297,10.7311,8.51297,10.7311,-0.138856,-4.17908,2.95332,3.99022,0,1
837,271.956,0.326291,8.34748,10.1578,8.34748,10.1578,-0.154974,-3.81753,2.80274,3.65091,0,1
838,272.282,0.317586,8.1969,9.54163,8.1969,9.54163,-0.175635,-3.21634,2.56441,3.08004,0,1
839,272.6,0.308041,8.07132,8.9017,8.07132,8.9017,-0.201795,-1.96086,2.16343,1.87925,0,1
840,272.908,0.298475,7.99613,8.25733,7.99613,8.25733,-0.234519,-1.16667,1.31999,1.11862,0,1
841,273.206,0.291204,7.95247,8.0398,7.95247,8.0398,-0.247381,0,0.785722,0,1,1
842,273.497,0.286735,7.95247,7.95247,7.95247,7.95247,-0.252844,0,0,0.798603,1,1
843,273.784,0.284892,7.95247,7.95247,7.99638,7.99638,-0.250075,0.526635,0.560941,1.67174,1,1
844,274.069,0.285565,7.97131,7.97131,8.17381,8.17381,-0.239336,1.10208,1.17424,2.46175,1,1
845,274.355,0.288514,8.01069,8.01069,8.489,8.489,-0.221893,1.62184,1.72914,3.15086,1,1
846,274.643,0.293498,8.06889,8.06889,8.94935,8.94935,-0.199652,2.07383,2.21318,3.72848,1,1
847,274.937,0.300287,8.14398,8.14398,9.56709,9.56709,-0.174701,2.45092,2.6189,4.19539,1,1
848,275.237,0.308581,8.23385,8.23385,10.362,10.362,-0.148925,2.75365,2.94685,4.56055,1,1
849,275.545,0.318218,8.33641,8.33641,11.3654,11.3654,-0.123791,2.98806,3.20335,4.83758,1,1
850,275.864,0.328633,8.4497,8.4497,12.6272,12.6272,-0.100287,3.16332,3.39793,5.05976,1,1
851,276.192,0.338234,8.57185,8.57185,14.405,14.405,-0.0770606,3.30146,3.55399,5.20305,1,1
852,276.531,0.346542,8.70115,8.70115,16.6186,16.6186,-0.0578987,3.38706,3.65464,5.2969,1,1
853,276.877,0.353379,8.83502,8.83502,18.1075,19.5767,-0.0417234,3.43971,3.72056,5.3575,1,1
854,277.23,0.358751,8.97154,8.97154,18.0005,24.0309,-0.0276896,3.47022,3.76313,5.39363,1,1
855,277.589,0.362582,9.10925,9.10925,17.875,32.16,-0.0151175,3.4845,3.78851,5.40939,1,1
856,277.952,0.36485,9.24691,9.24691,17.7416,32.16,-0.00344686,3.48539,3.79957,5.40531,1,1
857,278.317,0.365573,9.38342,9.38342,17.608,32.16,0.00780664,3.47343,3.79671,5.37858,1,1
858,278.682,0.364688,9.51778,9.51778,17.4812,28.9437,0.0190875,3.44698,3.77794,5.32244,1,1
859,279.047,0.362301,9.64895,9.64895,17.3702,22.775,0.0308275,3.40191,3.7385,5.22445,1,1
860,279.409,0.358695,9.77585,9.77585,17.291,19.1774,0.0434788,3.33053,3.66967,5.21968,1,1
861,279.768,0.354925,9.8973,9.8973,17.2091,19.2951,0.0429498,3.31901,3.66632,5.21592,1,1
862,280.123,0.35126,10.0156,10.0156,17.1246,19.4325,0.0423447,3.30828,3.66368,5.21325,1,1
863,280.474,0.347618,10.131,10.131,17.0375,19.5906,0.0416639,3.29836,3.66181,5.21173,1,1
864,280.822,0.34407,10.2435,10.2435,16.9477,19.7708,0.0409081,3.28927,3.66073,5.21139,1,1
865,281.166,0.340577,10.3534,10.3534,16.8555,19.9745,0.0400778,3.28104,3.6605,5.21227,1,1
866,281.506,0.337135,10.4608,10.4608,16.7608,20.2038,0.0391733,3.27369,3.66112,5.21441,1,1
867,281.843,0.333756,10.5658,10.5658,16.6637,20.461,0.0381948,3.26721,3.66262,5.21781,1,1
868,282.177,0.330366,10.6685,10.6685,16.5643,20.7489,0.0371422,3.26162,3.66501,5.22248,1,1
869,282.508,0.327023,10.769,10.769,16.4628,21.071,0.0360152,3.25689,3.66829,5.22841,1,1
870,282.835,0.323795,10.8675,10.8675,16.3593,21.4317,0.0348131,3.25302,3.67245,5.17651,1,1
871,283.158,0.321067,10.964,10.964,16.2619,20.3319,0.0386813,3.21332,3.636,5.11775,1,1
872,283.479,0.318964,11.0577,11.0577,16.171,19.4149,0.0424215,3.16968,3.59473,5.05325,1,1
873,283.798,0.317433,11.1487,11.1487,16.087,18.6523,0.0459614,3.12279,3.54942,4.98473,1,1
874,284.116,0.316556,11.2373,11.2373,16.0098,18.0227,0.0492283,3.07373,3.50129,4.91446,1,1
875,284.432,0.316323,11.3235,11.3235,15.9394,17.51,0.0521536,3.0239,3.45193,4.84519,1,1
876,284.749,0.316748,11.4077,11.4077,15.8755,17.1015,0.0546749,2.97498,3.40328,4.77994,1,1
877,285.065,0.317864,11.49,11.49,15.8172,16.7875,0.0567393,2.9288,3.35745,4.7218,1,1
878,285.383,0.319618,11.5707,11.5707,15.7634,16.5604,0.0583064,2.88721,3.31661,4.67364,1,1
879,285.703,0.322086,11.6502,11.6502,15.712,16.4142,0.0593497,2.8519,3.28278,4.63778,1,1
880,286.025,0.325107,11.7288,11.7288,15.6606,16.3442,0.0598587,2.82423,3.25759,4.74405,1,1
881,286.35,0.328082,11.8068,11.8068,15.5891,17.0283,0.0551461,2.88303,3.33224,4.83501,1,1
882,286.678,0.330864,11.8867,11.8867,15.5033,17.7446,0.0507835,2.93209,3.39613,4.91332,1,1
883,287.009,0.333362,11.968,11.968,15.4064,18.4965,0.046739,2.97311,3.45114,4.9811,1,1
884,287.342,0.335636,12.0505,12.0505,15.3006,19.2877,0.0429828,3.00741,3.49874,5.04006,1,1
885,287.678,0.337643,12.134,12.134,15.1873,20.1238,0.0394854,3.0361,3.54016,5.09161,1,1
886,288.016,0.339372,12.2182,12.2182,15.0678,21.0115,0.0362194,3.06006,3.57637,5.1369,1,1
887,288.355,0.340836,12.3029,12.3029,14.9429,21.9599,0.0331587,3.08003,3.60817,5.17685,1,1
888,288.696,0.34195,12.3879,12.3879,14.8134,22.9806,0.0302784,3.0966,3.63624,5.21223,1,1
889,289.038,0.342777,12.4731,12.4731,14.6798,24.0892,0.0275557,3.11027,3.66109,5.24369,1,1
890,289.381,0.343334,12.5583,12.5583,14.5428,25.3065,0.0249684,3.12145,3.68318,5.26931,1,1
891,289.724,0.343803,12.6433,12.6433,14.4029,26.5477,0.0226883,3.12902,3.70118,5.29307,1,1
892,290.068,0.344249,12.7281,12.7281,14.2602,27.9721,0.0204366,3.1354,3.71787,5.31491,1,1
893,290.412,0.344591,12.8127,12.8127,14.1151,29.6319,0.0182112,3.14054,3.73321,5.33476,1,1
894,290.757,0.344901,12.8969,12.8969,13.9676,31.6032,0.0160101,3.14443,3.74715,5.35254,1,1
895,291.102,0.345149,12.9807,12.9807,13.8179,32.16,0.0138304,3.14703,3.75964,5.36818,1,1
896,291.447,0.345332,13.0641,13.0641,13.6662,32.16,0.0116691,3.1483,3.77063,5.38157,1,1
897,291.792,0.345472,13.147,13.147,13.5126,32.16,0.00952276,3.1482,3.78003,5.39259,1,1
898,292.138,0.34549,13.2295,13.2295,13.3572,32.16,0.00738759,-1.12863,3.78777,5.40141,1,1
899,292.483,0.345459,13.2,13.3114,13.2,32.16,0.00526012,-6.03197,3.79397,5.4073,0,1
900,292.828,0.345295,13.0412,13.3928,13.0412,32.16,0.00313623,-6.00418,3.7981,5.39602,0,1
901,293.174,0.344761,12.8812,13.4735,12.8812,32.16,-0.0070003,-5.91286,3.79018,5.3272,0,1
902,293.519,0.34383,12.722,13.5531,12.722,30.4459,-0.0172504,-5.76166,3.74184,5.20359,0,1
903,293.862,0.342449,12.5653,13.6306,12.5653,24.0144,-0.0277277,-5.54915,3.65502,5.02338,0,1
904,294.205,0.34073,12.4132,13.7046,12.4132,20.3694,-0.0385391,-5.26822,3.52844,4.77962,0,1
905,294.546,0.338695,12.2677,13.7733,12.2677,17.9216,-0.0497854,-4.90407,3.35722,4.45837,0,1
906,294.884,0.33641,12.1315,13.8348,12.1315,16.118,-0.0615511,-4.42911,3.13158,4.034,0,1
907,295.221,0.333977,12.0081,13.8856,12.0081,14.71,-0.0738974,-3.78821,2.8335,3.45568,0,1
908,295.555,0.331422,11.9023,13.5688,11.9023,13.5688,-0.0868502,-2.84109,2.42728,2.59473,0,1
909,295.886,0.32893,11.8229,12.6212,11.8229,12.6212,-0.100381,-8.82745e-08,1.82254,8.06199e-08,1,1
910,296.215,0.326655,11.8229,11.8229,11.8229,11.8229,-0.114396,4.8973e-08,5.66277e-08,0.612357,1,1
911,296.542,0.324854,11.8229,11.8229,11.8611,11.8611,-0.11366,0.37198,0.430122,0.975774,1,1
912,296.866,0.323577,11.8331,11.8331,11.9313,11.9313,-0.112325,0.59258,0.685387,1.32308,1,1
913,297.19,0.322723,11.8493,11.8493,12.0334,12.0334,-0.110428,0.803151,0.929336,1.6564,1,1
914,297.513,0.322334,11.8712,11.8712,12.1669,12.1669,-0.108019,1.0049,1.16346,1.97489,1,1
915,297.835,0.322354,11.8984,11.8984,12.3315,12.3315,-0.105154,1.19725,1.38717,2.27735,1,1
916,298.157,0.322752,11.9308,11.9308,12.5269,12.5269,-0.101899,1.37942,1.59962,2.56279,1,1
917,298.48,0.323518,11.9681,11.9681,12.753,12.753,-0.0983182,1.55077,1.80012,2.83058,1,1
918,298.804,0.32455,12.0099,12.0099,13.0096,13.0096,-0.0944777,1.71088,1.98821,3.08034,1,1
919,299.128,0.325884,12.0561,12.0561,13.2967,13.2967,-0.0904419,1.85952,2.16364,3.31212,1,1
920,299.454,0.327431,12.1062,12.1062,13.6144,13.6144,-0.0862699,1.99671,2.32644,3.77677,1,1
921,299.782,0.329008,12.1601,12.1601,14.3705,14.3705,-0.0774309,2.27347,2.65282,4.14173,1,1
922,300.111,0.330539,12.2215,12.2215,15.2363,15.2363,-0.0688803,2.48896,2.90917,4.43548,1,1
923,300.441,0.331893,12.2886,12.2886,16.2393,16.2393,-0.0606346,2.66053,3.11549,4.67472,1,1
924,300.773,0.333095,12.3602,12.3602,17.4205,17.4205,-0.0526911,2.79842,3.28354,4.87038,1,1
925,301.106,0.334076,12.4354,12.4354,18.8444,18.8444,-0.045029,2.90939,3.42097,5.02989,1,1
926,301.44,0.3348,12.5133,12.5133,20.6178,20.6178,-0.0376159,2.99803,3.53301,5.15837,1,1
927,301.775,0.335261,12.5933,12.5933,22.9309,22.9309,-0.0304099,3.06757,3.62325,5.25918,1,1
928,302.11,0.335361,12.6747,12.6747,26.1623,26.1623,-0.0233617,3.12018,3.69407,5.33425,1,1
929,302.446,0.335155,12.757,12.757,27.8382,31.2083,-0.0164178,3.15713,3.74679,5.38419,1,1
930,302.781,0.334673,12.8397,12.8397,27.7541,32.16,-0.00951921,3.17895,3.78187,5.38259,1,1
931,303.115,0.334173,12.9223,12.9223,27.6701,32.16,-0.00968025,3.17023,3.78075,5.38095,1,1
932,303.45,0.333745,13.004,13.004,27.5862,32.16,-0.00983698,3.16152,3.7796,5.37927,1,1
933,303.783,0.333316,13.0849,13.0849,27.5024,32.16,-0.00998916,3.15282,3.77842,5.37755,1,1
934,304.117,0.33296,13.1649,13.1649,27.4187,32.16,-0.0101365,3.14413,3.77721,5.3758,1,1
935,304.45,0.332652,13.2442,13.2442,27.335,32.16,-0.0102789,3.13546,3.77598,5.37402,1,1
936,304.782,0.332393,13.3227,13.3227,27.2513,32.16,-0.010416,3.12681,3.77473,5.37222,1,1
937,305.115,0.332207,13.4005,13.4005,27.1675,32.16,-0.0105477,3.11818,3.77346,5.37039,1,1
938,305.447,0.33202,13.4776,13.4776,27.0837,32.16,-0.0106738,3.10956,3.77218,5.36855,1,1
939,305.779,0.331907,13.554,13.554,26.9998,32.16,-0.010794,3.10096,3.77088,5.36669,1,1
940,306.111,0.331864,13.6297,13.6297,26.9158,32.16,-0.0109081,3.09238,3.76958,5.38038,1,1
941,306.443,0.331979,13.7048,13.7048,26.8271,32.16,-0.0089422,3.09277,3.7792,5.3918,1,1
942,306.775,0.332294,13.7795,13.7795,26.7347,32.16,-0.0069606,3.09181,3.78722,5.40066,1,1
943,307.107,0.332735,13.8539,13.8539,26.6393,32.16,-0.00497283,3.08936,3.79344,5.40675,1,1
944,307.44,0.333375,13.9279,13.9279,26.542,32.16,-0.00298866,3.08529,3.79772,5.40989,1,1
945,307.773,0.334188,14.0015,14.0015,26.4433,32.16,-0.00101722,3.07952,3.79992,5.40995,1,1
946,308.107,0.335175,14.0748,14.0748,26.344,32.16,0.000932466,3.07199,3.79996,5.40686,1,1
947,308.442,0.336359,14.1478,14.1478,26.2448,32.16,0.0028517,3.06268,3.7978,5.40061,1,1
948,308.779,0.337669,14.2204,14.2204,26.1461,32.16,0.00473227,3.05158,3.79341,5.39124,1,1
949,309.116,0.339177,14.2927,14.2927,26.0486,32.16,0.00656595,3.03874,3.78683,5.37884,1,1
950,309.456,0.340834,14.3646,14.3646,25.9527,32.16,0.00834538,3.02422,3.77812,5.38918,1,1
951,309.796,0.342532,14.4362,14.4362,25.8537,32.16,0.00677422,3.02248,3.78538,5.39742,1,1
952,310.139,0.344266,14.5078,14.5078,25.752,32.16,0.00524023,3.01951,3.79117,5.40361,1,1
953,310.483,0.345958,14.5792,14.5792,25.6484,32.16,0.00374281,3.01534,3.79551,5.40777,1,1
954,310.829,0.347686,14.6506,14.6506,25.5433,32.16,0.00228163,3.01,3.79844,5.40994,1,1
955,311.177,0.349422,14.7219,14.7219,25.4371,32.16,0.000855994,3.00352,3.79996,5.41016,1,1
956,311.526,0.351167,14.793,14.793,25.3302,32.16,-0.000534723,2.99593,3.80012,5.40846,1,1
957,311.878,0.352948,14.8639,14.8639,25.2229,32.16,-0.00189113,2.98726,3.79892,5.40487,1,1
958,312.23,0.354685,14.9347,14.9347,25.1154,32.16,-0.00321394,2.97753,3.7964,5.39942,1,1
959,312.585,0.356458,15.0052,15.0052,25.008,32.16,-0.00450351,2.96678,3.79257,5.39214,1,1
960,312.942,0.358134,15.0756,15.0756,24.9009,32.16,-0.0057605,2.95504,3.78746,5.38989,1,1
961,313.3,0.359285,15.1456,15.1456,24.7934,32.16,-0.00605023,2.94605,3.78588,5.3872,1,1
962,313.659,0.359829,15.2153,15.2153,24.6857,32.16,-0.00637762,2.93683,3.78398,5.38395,1,1
963,314.019,0.359687,15.2846,15.2846,24.5779,32.16,-0.00674748,2.92734,3.78171,5.38004,1,1
964,314.379,0.35894,15.3534,15.3534,24.4703,32.16,-0.00716551,2.91751,3.77896,5.37528,1,1
965,314.737,0.357561,15.4214,15.4214,24.3633,32.16,-0.00763862,2.90729,3.77561,5.36946,1,1
966,315.095,0.355552,15.4887,15.4887,24.2571,32.16,-0.00817512,2.89655,3.77153,5.36229,1,1
967,315.451,0.352938,15.555,15.555,24.152,32.16,-0.00878503,2.88519,3.76649,5.3534,1,1
968,315.804,0.34964,15.6203,15.6203,24.0483,32.16,-0.0094806,2.87299,3.76024,5.34226,1,1
969,316.153,0.34574,15.6845,15.6845,23.9465,32.16,-0.0102766,2.85973,3.75242,5.3282,1,1
970,316.499,0.341358,15.7474,15.7474,23.847,32.16,-0.0111913,2.84504,3.74255,5.34124,1,1
971,316.84,0.337084,15.809,15.809,23.7468,32.16,-0.0101903,2.84496,3.75171,5.3546,1,1
972,317.177,0.333088,15.8695,15.8695,23.6461,32.16,-0.00908784,2.8451,3.76109,5.36779,1,1
973,317.51,0.329293,15.9291,15.9291,23.545,32.16,-0.007885,2.8452,3.77035,5.38026,1,1
974,317.84,0.325773,15.9878,15.9878,23.4435,32.16,-0.00658414,2.84496,3.77911,5.39139,1,1
975,318.165,0.322503,16.0457,16.0457,23.3419,32.16,-0.00518857,2.84406,3.78693,5.40055,1,1
976,318.488,0.319482,16.1028,16.1028,23.2403,32.16,-0.00370288,2.84216,3.79336,5.40703,1,1
977,318.807,0.316732,16.1591,16.1591,23.1389,32.16,-0.00213289,2.8389,3.79791,5.41014,1,1
978,319.124,0.314182,16.2146,16.2146,23.038,32.16,-0.000485555,2.83392,3.8001,5.40919,1,1
979,319.438,0.311904,16.2694,16.2694,22.9377,32.16,0.00123057,2.82688,3.79943,5.40352,1,1
980,319.75,,16.3235,16.3235,22.8383,32.16,0.00300612,,,,,
