PointType,Index,T,X,Y,Curvature
control,0,,-1.36285493429,1.578951039,
control,1,,1.64279319856,1.66979187127,
control,2,,5.09095379782,1.83135653662,
control,3,,8.50545828629,2.14091277373,
control,4,,11.8706816563,2.11506954871,
control,5,,15.0655892145,2.02937898834,
control,6,,18.505304876,1.67152528572,
control,7,,21.7543840188,1.261163976,
control,8,,25.0152395627,0.464375727413,
control,9,,28.4207469113,-0.78289191763,
control,10,,31.1765319896,-2.44039094037,
control,11,,33.1469338873,-5.11168608208,
control,12,,34.5946721488,-8.6876276169,
control,13,,34.803294365,-12.036399235,
control,14,,33.8962483085,-15.3857658216,
control,15,,32.1556006073,-18.3796567203,
control,16,,29.7977418691,-20.9159384433,
control,17,,27.3606437244,-23.2741769926,
control,18,,24.6181079762,-24.886259513,
control,19,,21.4338866516,-26.4099468864,
control,20,,18.021957579,-27.8364813687,
control,21,,14.6924769413,-28.6894207042,
control,22,,11.2567112249,-29.1156577072,
control,23,,7.74529169644,-28.7038729938,
control,24,,4.04351497425,-27.2848233793,
control,25,,0.658801216874,-25.0784001292,
control,26,,-2.2120957896,-21.9266694453,
control,27,,-4.64386252766,-19.6994622792,
control,28,,-6.70429045812,-17.988287754,
control,29,,-9.10305368962,-17.188230379,
control,30,,-12.1002590932,-17.1879475987,
control,31,,-14.5061999417,-18.1576150227,
control,32,,-16.35045117,-19.6167783115,
control,33,,-17.9078981458,-21.6566549078,
control,34,,-18.662343851,-24.2755862999,
control,35,,-18.2402213715,-27.7870602497,
control,36,,-17.1105215967,-31.4775002956,
control,37,,-18.1086011732,-34.8234584204,
control,38,,-20.2173746927,-37.1567119421,
control,39,,-21.2572728004,-39.3534465857,
control,40,,-21.150316584,-41.3569932869,
control,41,,-20.4358367331,-43.9657991387,
control,42,,-19.1256588827,-46.1666951487,
control,43,,-17.6366339595,-47.6854464168,
control,44,,-15.8123008875,-48.7401538526,
control,45,,-13.1223918176,-50.8531182099,
control,46,,-11.204223176,-53.8816539345,
control,47,,-10.4304094544,-57.422683571,
control,48,,-7.80145285395,-60.0416458427,
control,49,,-4.99848782237,-61.9472689632,
control,50,,-1.69724822044,-63.1369543198,
control,51,,1.3320728049,-65.0052102248,
control,52,,3.30594269512,-67.7678788251,
control,53,,4.69412877007,-70.9075655327,
control,54,,4.49347220657,-74.5968392838,
control,55,,3.38433526357,-77.7969868341,
control,56,,2.21924645173,-79.7530631749,
control,57,,-0.201258511646,-80.3958633179,
control,58,,-2.50471194923,-79.5334396269,
control,59,,-5.97583368309,-78.1760799525,
control,60,,-9.3771404611,-76.8976189018,
control,61,,-12.8783925449,-75.5351256267,
control,62,,-16.0278687249,-74.4525274536,
control,63,,-19.274513381,-73.3614320546,
control,64,,-22.4097945017,-72.1409371299,
control,65,,-25.5506892878,-70.3463540412,
control,66,,-27.6324124666,-67.7554973611,
control,67,,-28.3889231863,-64.5259742209,
control,68,,-27.6863422672,-60.757101526,
control,69,,-27.4171521121,-57.1961930322,
control,70,,-27.9543018146,-54.9544543435,
control,71,,-29.5364008885,-52.4522103466,
control,72,,-31.8974769723,-50.1851074097,
control,73,,-34.3052770879,-47.7080938787,
control,74,,-36.5005294754,-45.2016941563,
control,75,,-38.5211340126,-42.5064906099,
control,76,,-40.4410707313,-39.7770867686,
control,77,,-42.0727981667,-36.7229824756,
control,78,,-43.7934190249,-34.0512374772,
control,79,,-44.4449307528,-30.2816988017,
control,80,,-44.5072268623,-26.7205043889,
control,81,,-45.0836813552,-23.2933682118,
control,82,,-45.4023430306,-19.7390669015,
control,83,,-45.5049126123,-16.3889312093,
control,84,,-44.303650173,-12.8923358085,
control,85,,-41.9497544934,-11.4782569217,
control,86,,-38.224085517,-10.6817894306,
control,87,,-35.0280450008,-9.45124676439,
control,88,,-32.2859486954,-8.02029919097,
control,89,,-29.6237802288,-5.8915892082,
control,90,,-27.116482487,-3.50793651761,
control,91,,-24.6426643123,-1.10455858308,
control,92,,-21.676386583,0.149148879788,
control,93,,-18.3233149585,0.552653408522,
control,94,,-15.0136648291,0.844254513556,
control,95,,-11.7020457006,1.01555918033,
control,96,,-8.22866739832,1.29427452473,
control,97,,-4.57224520896,1.51199445615,
spline,0,0,-1.39681195793,1.58293174724,0.00300611829715
spline,1,0.1,-1.08697098438,1.59094885054,0.003372020544
spline,2,0.2,-0.778521260056,1.59925163928,0.00371751270415
spline,3,0.3,-0.47081635452,1.60788696184,0.00403570666714
spline,4,0.4,-0.163210272709,1.61690154205,0.00432041345005
spline,5,0.5,0.144943513898,1.62634245685,0.00456639685528
spline,6,0.6,0.454291221009,1.63625637418,0.00476955748314
spline,7,0.7,0.765478859194,1.64669024034,0.00492708323299
spline,8,0.8,1.07915307634,1.65769066537,0.00503753008965
spline,9,0.9,1.39595960775,1.6693047469,0.00510082525341
spline,10,1,1.7165452763,1.68157917678,0.00511816975739
spline,11,1.1,2.04136907569,1.69456599089,0.0058163666941
spline,12,1.2,2.37014159831,1.70833721166,0.006503439449
spline,13,1.3,2.70238667326,1.7229702552,0.00718902682316
spline,14,1.4,3.03762882667,1.73854237903,0.00788206604784
spline,15,1.5,3.37539133893,1.75513077488,0.00859106894781
spline,16,1.6,3.71519817537,1.7728127698,0.00932440513413
spline,17,1.7,4.05657307808,1.79166557484,0.0100905196012
spline,18,1.8,4.39903953,1.81176648673,0.0108981531057
spline,19,1.9,4.74212225367,1.83319286554,0.0117565809538
spline,20,2,5.08534444602,1.85602179858,0.0126758300165
spline,21,2.1,5.42830645821,1.88023719812,0.0086297415599
spline,22,2.2,5.77091705585,1.90544918519,0.00457193194165
spline,23,2.3,6.11315912182,1.93117426326,0.000497341448875
spline,24,2.4,6.45501881082,1.95692922229,-0.00359960293682
spline,25,2.5,6.79647818311,1.98223032412,-0.00772456064475
spline,26,2.6,7.13752300483,2.00659444137,-0.0118830018317
spline,27,2.7,7.47813838064,2.0295381904,-0.0160798132974
spline,28,2.8,7.81830697591,2.05057806394,-0.0203188764125
spline,29,2.9,8.15801481442,2.06923077957,-0.0246027304659
spline,30,3,8.49724476655,2.08501286337,-0.0289320646152
spline,31,3.1,8.83596419978,2.09756741495,-0.0266615593895
spline,32,3.2,9.17407056524,2.10704355729,-0.0243955026836
spline,33,3.3,9.51144136234,2.11371680232,-0.0221302113563
spline,34,3.4,9.84795742837,2.11786280859,-0.0198612056005
spline,35,3.5,10.1834950353,2.11975685294,-0.0175832907952
spline,36,3.6,10.5179348964,2.11967473107,-0.0152905726027
spline,37,3.7,10.8511565898,2.11789192587,-0.0129764534876
spline,38,3.8,11.1830374063,2.11468399841,-0.0106336473176
spline,39,3.9,11.5134579403,2.11032649825,-0.00825414506684
spline,40,4,11.8422956877,2.10509499282,-0.00582924096462
spline,41,4.1,12.1695194441,2.09918366933,-0.00783330816398
spline,42,4.2,12.4954552878,2.09246157962,-0.00983568361142
spline,43,4.3,12.8205195428,2.08471632073,-0.0118128603801
spline,44,4.4,13.1451253187,2.0757358115,-0.0137411607583
spline,45,4.5,13.4696873581,2.06530738358,-0.0155973929509
spline,46,4.6,13.7946221963,2.05321896996,-0.0173594109926
spline,47,4.7,14.1203445316,2.03925817455,-0.0190066885469
spline,48,4.8,14.4472716456,2.02321271447,-0.0205208570389
spline,49,4.9,14.7758144354,2.00487021385,-0.0218861144774
spline,50,5,15.1063905651,1.98401846463,-0.0230896784168
spline,51,5.1,15.4392727601,1.96051705165,-0.0209205426773
spline,52,5.2,15.7741677393,1.9345136877,-0.0189265040637
spline,53,5.3,16.1106412455,1.90622784486,-0.0170803416845
spline,54,5.4,16.4482559612,1.87587959359,-0.0153579702261
spline,55,5.5,16.7865756199,1.84368816309,-0.0137377760757
spline,56,5.6,17.125166568,1.80987344426,-0.0122000977752
spline,57,5.7,17.4635928197,1.77465501174,-0.0107267150347
spline,58,5.8,17.801421305,1.73825245475,-0.00930039703687
spline,59,5.9,18.138211931,1.70088557273,-0.00790449421615
spline,60,6,18.4735321229,1.66277401787,-0.0065225048419
spline,61,6.1,18.8070519574,1.62404509829,-0.00937874509729
spline,62,6.2,19.1388680284,1.58445720194,-0.0122755069284
spline,63,6.3,19.4691838173,1.54367618204,-0.0151942598638
spline,64,6.4,19.7982001899,1.50136861788,-0.0181152006722
spline,65,6.5,20.126118195,1.45720016115,-0.0210175057201
spline,66,6.6,20.4531424366,1.41083708782,-0.0238794712041
spline,67,6.7,20.779474652,1.36194541282,-0.0266787537419
spline,68,6.8,21.1053197525,1.31019105798,-0.0293926753856
spline,69,6.9,21.4308752842,1.25524042089,-0.0319984716452
spline,70,7,21.7563467523,1.19675948619,-0.0344738371216
spline,71,7.1,22.081924035,1.13445924771,-0.0345338985431
spline,72,7.2,22.4077521748,1.06823070757,-0.0345196674938
spline,73,7.3,22.7339650272,0.998009452139,-0.0344320412255
spline,74,7.4,23.0606942075,0.923732164397,-0.0342724213002
spline,75,7.5,23.3880707117,0.845334303053,-0.03404276162
spline,76,7.6,23.7162299875,0.762751959724,-0.0337455332262
spline,77,7.7,24.0453041124,0.675921027223,-0.0333836606493
spline,78,7.8,24.375428653,0.584777085484,-0.0329604827414
spline,79,7.9,24.7067312637,0.489256808306,-0.0324796727541
spline,80,8,25.0393481968,0.389295828004,-0.031945267564
spline,81,8.1,25.3732585756,0.284846941126,-0.0329186829867
spline,82,8.2,25.7078175776,0.175934518453,-0.0341339916603
spline,83,8.3,26.0422374275,0.0625967719292,-0.0356065673325
spline,84,8.4,26.3757183889,-0.0551239313906,-0.0373578112681
spline,85,8.5,26.7074709356,-0.17718956957,-0.0394157940189
spline,86,8.6,27.0366982438,-0.303558794646,-0.0418159014446
spline,87,8.7,27.362602091,-0.434190088902,-0.0446019759678
spline,88,8.8,27.6843962461,-0.569045674082,-0.0478278243685
spline,89,8.9,28.0012779517,-0.70808281291,-0.0515587556172
spline,90,9,28.3124598662,-0.851263813913,-0.0558740310254
spline,91,9.1,28.6172545259,-0.998654469667,-0.0632339953539
spline,92,9.2,28.9154130583,-1.15074956948,-0.0707984440035
spline,93,9.3,29.2068057601,-1.30815554085,-0.078487734098
spline,94,9.4,29.4912925194,-1.47147304818,-0.0861988522006
spline,95,9.5,29.7687414202,-1.64130866851,-0.0938050779025
spline,96,9.6,30.039014888,-1.81826448767,-0.101156237766
spline,97,9.7,30.3019739515,-2.00294223527,-0.10808227188
spline,98,9.8,30.5574901413,-2.19594907051,-0.114399577043
spline,99,9.9,30.8054203379,-2.39788486412,-0.119919597649
spline,100,10,31.0456347928,-2.6093569602,-0.124461156505
spline,101,10.1,31.2780620064,-2.83084832742,-0.120377432011
spline,102,10.2,31.5028955137,-3.06236630989,-0.115692498063
spline,103,10.3,31.7204026578,-3.30380613365,-0.110532370533
spline,104,10.4,31.9308431637,-3.55505424721,-0.105022424506
spline,105,10.5,32.1344819631,-3.81600606356,-0.0992814281221
spline,106,10.6,32.3315806391,-4.08655018308,-0.0934176812215
spline,107,10.7,32.5223992223,-4.3665746366,-0.087526277711
spline,108,10.8,32.7072064405,-4.65597582526,-0.081687595087
spline,109,10.9,32.8862586337,-4.95463894023,-0.0759674254016
spline,110,11,33.0598232813,-5.26246048093,-0.0704171967365
spline,111,11.1,33.2279983243,-5.57915814958,-0.0683822329243
spline,112,11.2,33.3902282489,-5.90376734654,-0.0673000832249
spline,113,11.3,33.5458000821,-6.2351624036,-0.0670941553562
spline,114,11.4,33.6939955955,-6.5722055374,-0.0677253716375
spline,115,11.5,33.8340992747,-6.91377094275,-0.0691875466386
spline,116,11.6,33.9653941577,-7.25872379011,-0.071505085623
spline,117,11.7,34.0871617193,-7.60592873784,-0.0747327055407
spline,118,11.8,34.1986903439,-7.9542610258,-0.078956937578
spline,119,11.9,34.2992583926,-8.3025818072,-0.0842986940621
spline,120,12,34.3881528079,-8.64976596412,-0.0909177611605
spline,121,12.1,34.4647962339,-8.99490507447,-0.0940991741361
spline,122,12.2,34.5291708056,-9.33799688289,-0.0968507619014
spline,123,12.3,34.5814016341,-9.67927568803,-0.0991043747191
spline,124,12.4,34.6216123523,-10.0189632221,-0.100801248162
spline,125,12.5,34.6499252503,-10.3572931145,-0.10189542674
spline,126,12.6,34.6664643109,-10.6944901752,-0.102356238615
spline,127,12.7,34.6713520179,-11.0307786773,-0.102170248162
spline,128,12.8,34.6647145181,-11.3663934997,-0.101341966807
spline,129,12.9,34.6466721599,-11.7015552772,-0.0998934683357
spline,130,13,34.6173496529,-12.0364983964,-0.0978629120408
spline,131,13.1,34.5768970972,-12.371350256,-0.0947921073312
spline,132,13.2,34.5255698754,-12.7058486624,-0.0919148578321
spline,133,13.3,34.4636495586,-13.0396439644,-0.0892427551034
spline,134,13.4,34.3914205158,-13.372374311,-0.0867841042059
spline,135,13.5,34.3091615468,-13.70368918,-0.0845444579192
spline,136,13.6,34.2171563259,-14.0332297002,-0.0825274449258
spline,137,13.7,34.1156869719,-14.3606363006,-0.0807353233755
spline,138,13.8,34.0050362182,-14.6855601079,-0.0791694355752
spline,139,13.9,33.8854849773,-15.0076378115,-0.0778307738417
spline,140,14,33.757314701,-15.3265198736,-0.0767202659493
spline,141,14.1,33.6207976735,-15.6418895999,-0.0754095674908
spline,142,14.2,33.4761618699,-15.9535992622,-0.0741061354766
spline,143,14.3,33.323621431,-16.2615527626,-0.0728191270344
spline,144,14.4,33.1633966948,-16.5656427777,-0.0715568691126
spline,145,14.5,32.9956991937,-16.865772003,-0.0703267775126
spline,146,14.6,32.8207477389,-17.1618358573,-0.0691354858608
spline,147,14.7,32.6387595673,-17.4537289682,-0.0679888868942
spline,148,14.8,32.4499501173,-17.7413559699,-0.0668921380427
spline,149,14.9,32.2545361873,-18.0246078772,-0.0658498178727
spline,150,15,32.0527321012,-18.3033885243,-0.0648659236508
spline,151,15.1,31.8448097159,-18.5776568113,-0.0598051937788
spline,152,15.2,31.6312547231,-18.8476257475,-0.0547472555333
spline,153,15.3,31.412601536,-19.1135801955,-0.0497122420196
spline,154,15.4,31.1893932342,-19.3757954045,-0.0447130046515
spline,155,15.5,30.962161854,-19.6345548245,-0.0397555195251
spline,156,15.6,30.7314483494,-19.8901360566,-0.0348400392178
spline,157,15.7,30.4977920734,-20.1428157226,-0.0299617258663
spline,158,15.8,30.2617289151,-20.3928796231,-0.0251112021103
spline,159,15.9,30.0237983135,-20.6406009056,-0.0202755093496
spline,160,16,29.7845353014,-20.886264581,-0.0154382749007
spline,161,16.1,29.5443527677,-21.1300066993,-0.0203512593614
spline,162,16.2,29.3031517445,-21.3714003677,-0.0253879840253
spline,163,16.3,29.060710396,-21.6098726206,-0.030577167517
spline,164,16.4,28.8167929991,-21.8448644742,-0.0359463874875
spline,165,16.5,28.5711786924,-22.0758035679,-0.0415208174896
spline,166,16.6,28.3236411282,-22.3021217408,-0.0473226891499
spline,167,16.7,28.0739541703,-22.5232509929,-0.0533700155472
spline,168,16.8,27.8218959816,-22.7386185713,-0.0596749086047
spline,169,16.9,27.5672307464,-22.9476648197,-0.0662421689682
spline,170,17,27.3097374572,-23.1498176545,-0.073066287446
spline,171,17.1,27.0492049823,-23.3447133755,-0.0700338468158
spline,172,17.2,26.7854819568,-23.5328053673,-0.0663860936183
spline,173,17.3,26.5184370231,-23.7147476484,-0.0621981887179
spline,174,17.4,26.2479234654,-23.891204897,-0.0575560250753
spline,175,17.5,25.9738107841,-24.06283177,-0.0525523197045
spline,176,17.6,25.6959625879,-24.2302859754,-0.0472821170751
spline,177,17.7,25.4142426767,-24.3942253977,-0.041839092689
spline,178,17.8,25.1285198928,-24.5553041663,-0.0363124791271
spline,179,17.9,24.8386470555,-24.7141863923,-0.0307843790857
spline,180,18,24.5444937135,-24.8715269885,-0.0253288622339
spline,181,18.1,24.2459820533,-25.0278727406,-0.0237784234453
spline,182,18.2,23.9432675662,-25.1833259015,-0.0223441128715
spline,183,18.3,23.6365699318,-25.3378744264,-0.0210147658449
spline,184,18.4,23.3260911357,-25.4915154171,-0.019780237656
spline,185,18.5,23.0120516196,-25.6442376156,-0.0186314899603
spline,186,18.6,22.6946652262,-25.7960321943,-0.0175604075788
spline,187,18.7,22.3741459672,-25.9468905162,-0.0165596830797
spline,188,18.8,22.0507137058,-26.0968003554,-0.0156227054154
spline,189,18.9,21.7245700083,-26.2457588837,-0.0147434572727
spline,190,19,21.3959353603,-26.3937547379,-0.0139165655122
spline,191,19.1,21.0650398211,-26.5407013217,-0.0160986514252
spline,192,19.2,20.7321774124,-26.6862000522,-0.018326125788
spline,193,19.3,20.3976645475,-26.8297714021,-0.0206230019618
spline,194,19.4,20.0617983304,-26.9709443593,-0.023013646835
spline,195,19.5,19.7248958796,-27.1092402101,-0.0255230234005
spline,196,19.6,19.3872672248,-27.2441824303,-0.0281773169198
spline,197,19.7,19.0492225421,-27.3752946953,-0.031004322711
spline,198,19.8,18.711078207,-27.5020975419,-0.0340337944614
spline,199,19.9,18.3731313751,-27.6241195772,-0.0372981105392
spline,200,20,18.0356989848,-27.7408821775,-0.0408323154721
spline,201,20.1,17.6990080821,-27.8520128988,-0.0410483442678
spline,202,20.2,17.3629529848,-27.9575546523,-0.0411338468026
spline,203,20.3,17.0273512539,-28.0576521121,-0.0410854934939
spline,204,20.4,16.6920010838,-28.1524559039,-0.0409014700147
spline,205,20.5,16.3567206634,-28.2421115056,-0.0405815389621
spline,206,20.6,16.0213211401,-28.3267657229,-0.0401270581973
spline,207,20.7,15.6856137832,-28.4065655681,-0.0395409699245
spline,208,20.8,15.3494161097,-28.4816559122,-0.0388277127667
spline,209,20.9,15.0125264495,-28.5521866951,-0.0379931003153
spline,210,21,14.6747627615,-28.6183036488,-0.0370443012784
spline,211,21.1,14.335972895,-28.6800607429,-0.0403330231333
spline,212,21.2,13.9961508363,-28.7371395897,-0.0436355240904
spline,213,21.3,13.6553336678,-28.7891275674,-0.0469476559083
spline,214,21.4,13.3135387601,-28.8356152284,-0.0502628197961
spline,215,21.5,12.9708036895,-28.876190788,-0.053571408125
spline,216,21.6,12.6271589821,-28.9104428236,-0.0568609010251
spline,217,21.7,12.28263526,-28.9379601231,-0.0601156588215
spline,218,21.8,11.9372696606,-28.9583304205,-0.0633167120928
spline,219,21.9,11.5910795056,-28.9711433355,-0.0664420866867
spline,220,22,11.2441022562,-28.9759874211,-0.0694666315876
spline,221,22.1,10.8963443315,-28.9724918084,-0.0703138645863
spline,222,22.2,10.5477151772,-28.9604467972,-0.0709260657477
spline,223,22.3,10.1981067514,-28.9396832871,-0.0712952087364
spline,224,22.4,9.84739076769,-28.9100310843,-0.0714166002331
spline,225,22.5,9.49545956473,-28.8713218793,-0.071289103427
spline,226,22.6,9.14219834397,-28.8233863157,-0.0709153249736
spline,227,22.7,8.78749237662,-28.7660552456,-0.0703015215702
spline,228,22.8,8.43123375679,-28.6991602131,-0.0694573252862
spline,229,22.9,8.07329403489,-28.6225295352,-0.0683955160176
spline,230,23,7.71356549749,-28.5359955103,-0.0671318251134
spline,231,23.1,7.35203712491,-28.4394538488,-0.0643549068115
spline,232,23.2,6.98911259372,-28.3330594726,-0.0619555070925
spline,233,23.3,6.62530630623,-28.2170342814,-0.0599017135105
spline,234,23.4,6.26111156228,-28.0915935276,-0.0581658855621
spline,235,23.5,5.89704303891,-27.9569598837,-0.0567246339698
spline,236,23.6,5.53360807842,-27.8133531189,-0.0555583768453
spline,237,23.7,5.1713140675,-27.6609932045,-0.0546510208674
spline,238,23.8,4.810675363,-27.5001026756,-0.0539896123311
spline,239,23.9,4.45218544319,-27.330895335,-0.0535641564518
spline,240,24,4.09635880172,-27.15359444,-0.053367543638
spline,241,24.1,3.74365106854,-26.9683569985,-0.0544982824951
spline,242,24.2,3.39431073247,-26.7750879284,-0.0555928572039
spline,243,24.3,3.04854117675,-26.5736329627,-0.0566432681032
spline,244,24.4,2.70652575712,-26.3638262339,-0.057641141413
spline,245,24.5,2.36846808964,-26.145514232,-0.0585777722507
spline,246,24.6,2.03456486354,-25.9185388899,-0.0594443801657
spline,247,24.7,1.70501278864,-25.6827423292,-0.0602321930399
spline,248,24.8,1.38001490284,-25.4379709426,-0.0609324912423
spline,249,24.9,1.05975538101,-25.1840574552,-0.0615369218329
spline,250,25,0.744437342024,-24.9208488903,-0.0620376592634
spline,251,25.1,0.434212274491,-24.648525347,-0.0527537365743
spline,252,25.2,0.129050702673,-24.3686185953,-0.044141825282
spline,253,25.3,-0.171116291514,-24.0830037818,-0.0360322910929
spline,254,25.4,-0.466375008168,-23.7935395443,-0.028248756252
spline,255,25.5,-0.756794223463,-23.502101789,-0.0206065138664
spline,256,25.6,-1.04244867183,-23.2105602301,-0.0129061670186
spline,257,25.7,-1.32341308993,-22.9207847567,-0.00492488406109
spline,258,25.8,-1.59975677151,-22.6346503023,0.00359592064501
spline,259,25.9,-1.87156511074,-22.3540157115,0.0129684099229
spline,260,26,-2.13890741153,-22.0807566983,0.0235809787074
spline,261,26.1,-2.40185724493,-21.8163634439,0.0236574065155
spline,262,26.2,-2.66048356678,-21.5608070758,0.0235980353351
spline,263,26.3,-2.91484924769,-21.3136835525,0.0233852558851
spline,264,26.4,-3.16503190722,-21.0745747248,0.0230007437455
spline,265,26.5,-3.41109438622,-20.8430774489,0.0224257755996
spline,266,26.6,-3.65310450651,-20.6187831111,0.0216415643321
spline,267,26.7,-3.89113011244,-20.4012832582,0.0206295359879
spline,268,26.8,-4.12523436905,-20.1901730425,0.0193716587581
spline,269,26.9,-4.35549415218,-19.9850358969,0.0178508615567
spline,270,27,-4.5819727264,-19.7854677194,0.0160517260357
spline,271,27.1,-4.80484490356,-19.5911939981,0.0260816988329
spline,272,27.2,-5.02471338637,-19.4024758034,0.0370329628601
spline,273,27.3,-5.2422835983,-19.2197114763,0.0488932974149
spline,274,27.4,-5.45827360261,-19.0432889361,0.0616185166687
spline,275,27.5,-5.67338891984,-18.8736073039,0.0751196695421
spline,276,27.6,-5.88833924648,-18.7110615677,0.0892514263595
spline,277,27.7,-6.10383432119,-18.5560468612,0.103799499909
spline,278,27.8,-6.32057944575,-18.408960692,0.118470487166
spline,279,27.9,-6.53929270662,-18.2701925293,0.132889171677
spline,280,28,-6.76067967496,-18.1401406123,0.1466024357
spline,281,28.1,-6.98537514774,-18.0191156768,0.149076716611
spline,282,28.2,-7.21371415989,-17.9070907098,0.15027586318
spline,283,28.3,-7.44595219341,-17.8039560673,0.15015488895
spline,284,28.4,-7.68235831105,-17.7095963378,0.148718517352
spline,285,28.5,-7.92318827123,-17.6239026445,0.14602094017
spline,286,28.6,-8.16870219311,-17.5467635614,0.142161178136
spline,287,28.7,-8.41916025825,-17.4780677997,0.13727509146
spline,288,28.8,-8.67481735305,-17.4177047582,0.131525140832
spline,289,28.9,-8.93594351454,-17.3655608349,0.125088497225
spline,290,29,-9.20279405163,-17.3215261448,0.118146418464
spline,291,29.1,-9.47538749152,-17.2855363212,0.112916807528
spline,292,29.2,-9.75277574467,-17.2577145573,0.10955172564
spline,293,29.3,-10.0337634975,-17.2382311205,0.107852426504
spline,294,29.4,-10.3171718853,-17.2272553554,0.107699871748
spline,295,29.5,-10.6018059251,-17.2249582555,0.109042893069
spline,296,29.6,-10.8864759059,-17.2315099313,0.111891060794
spline,297,29.7,-11.1699921957,-17.2470806278,0.116312094957
spline,298,29.8,-11.4511593632,-17.2718395966,0.122432258636
spline,299,29.9,-11.7287986529,-17.3059580447,0.13043986581
spline,300,30,-12.0017150007,-17.3496059661,0.140589326471
spline,301,30.1,-12.2689219719,-17.4028451633,0.140252914742
spline,302,30.2,-12.5302459043,-17.4653035603,0.139339337079
spline,303,30.3,-12.7857113287,-17.5364990257,0.137891565587
spline,304,30.4,-13.0353576419,-17.6159537887,0.135960738558
spline,305,30.5,-13.2792096388,-17.7031864371,0.133603500022
spline,306,30.6,-13.5172968877,-17.7977164584,0.130878947122
spline,307,30.7,-13.7496490518,-17.8990634769,0.127846477277
spline,308,30.8,-13.976291034,-18.0067444972,0.124563928129
spline,309,30.9,-14.1972612545,-18.1202833184,0.121085396578
spline,310,31,-14.412585005,-18.2391976668,0.117460033506
spline,311,31.1,-14.6223328197,-18.3631024382,0.119646326651
spline,312,31.2,-14.8267386661,-18.4919935172,0.121024539532
spline,313,31.3,-15.0260734403,-18.6259592548,0.121548773187
spline,314,31.4,-15.2206196644,-18.7650959686,0.121197495539
spline,315,31.5,-15.4106486002,-18.9094926915,0.119974605857
spline,316,31.6,-15.5964351115,-19.0592405942,0.117908799667
spline,317,31.7,-15.7782541739,-19.2144309919,0.115052007408
spline,318,31.8,-15.9563768923,-19.3751515084,0.111476455738
spline,319,31.9,-16.1310851247,-19.5414996694,0.107269778653
spline,320,32,-16.3026504613,-19.7135638628,0.102530267694
spline,321,32.1,-16.4712130027,-19.8914166712,0.106114531051
spline,322,32.2,-16.6363973938,-20.0750815868,0.109919466771
spline,323,32.3,-16.7976751034,-20.2645432566,0.113924898627
spline,324,32.4,-16.9545422196,-20.459814482,0.118105415999
spline,325,32.5,-17.1064703762,-20.6608784451,0.122428319032
spline,326,32.6,-17.2529500543,-20.8677415332,0.126853147175
spline,327,32.7,-17.3934698392,-21.0804097376,0.131330386526
spline,328,32.8,-17.5275027904,-21.2988651215,0.135800625505
spline,329,32.9,-17.6545431324,-21.5231229732,0.140194727949
spline,330,33,-17.7740646007,-21.7531640405,0.144433050564
spline,331,33.1,-17.8855805832,-21.9890486277,0.148218465389
spline,332,33.2,-17.9886967371,-22.2310460753,0.150875376466
spline,333,33.3,-18.0830319438,-22.4794517428,0.15231996055
spline,334,33.4,-18.1682197591,-22.734598112,0.152505606213
spline,335,33.5,-18.2438799681,-22.9967788821,0.151427937171
spline,336,33.6,-18.3096430405,-23.2663179278,0.149126227605
spline,337,33.7,-18.3651367989,-23.5435388218,0.145681528155
spline,338,33.8,-18.4099834867,-23.8287338103,0.141212308731
spline,339,33.9,-18.4438131083,-24.122238489,0.135864698294
spline,340,34,-18.4662491536,-24.4243433929,0.129804324884
spline,341,34.1,-18.4770608267,-24.7352029843,0.115075141736
spline,342,34.2,-18.4765756206,-25.0542861304,0.102436819233
spline,343,34.3,-18.4652629136,-25.3808552857,0.0915997210514
spline,344,34.4,-18.4435907094,-25.7142218333,0.0823020656823
spline,345,34.5,-18.4120295804,-26.0536463718,0.0743167773342
spline,346,34.6,-18.3710484238,-26.398428872,0.0674480455747
spline,347,34.7,-18.3211135525,-26.7478685066,0.0615299687383
spline,348,34.8,-18.2626978891,-27.1012249117,0.0564237054886
spline,349,34.9,-18.1962660708,-27.4578118586,0.05201223663
spline,350,35,-18.1222918223,-27.8168879324,0.0481986978862
spline,351,35.1,-18.0416369143,-28.1777861003,0.0279466269258
spline,352,35.2,-17.9567380933,-28.5399638586,0.0086066196019
spline,353,35.3,-17.8704375298,-28.9028705536,-0.0103573072486
spline,354,35.4,-17.7855639125,-29.26601047,-0.0294788880769
spline,355,35.5,-17.7049590269,-29.6288320263,-0.0492724432058
spline,356,35.6,-17.6314553301,-29.9908266911,-0.0702212688295
spline,357,35.7,-17.5678852661,-30.3514839666,-0.0927423621984
spline,358,35.8,-17.5170891723,-30.7102527649,-0.117121605544
spline,359,35.9,-17.4818986845,-31.066637438,-0.143415832586
spline,360,36,-17.4651514886,-31.4200866421,-0.1712934113
spline,361,36.1,-17.469039897,-31.7700679085,-0.168225504468
spline,362,36.2,-17.4931894209,-32.115948892,-0.164589019076
spline,363,36.3,-17.5365814668,-32.4570354849,-0.160621927167
spline,364,36.4,-17.5982021637,-32.7926854837,-0.156545358374
spline,365,36.5,-17.6770295786,-33.1222046387,-0.152558988422
spline,366,36.6,-17.7720492595,-33.4449388092,-0.148837510089
spline,367,36.7,-17.8822481346,-33.7602307594,-0.145532942484
spline,368,36.8,-18.0066007356,-34.0673881363,-0.142779513752
spline,369,36.9,-18.144099618,-34.3657665687,-0.140697727309
spline,370,37,-18.2937168304,-34.6546743199,-0.13940242131
spline,371,37.1,-18.4542474323,-34.9337137208,-0.121107209372
spline,372,37.2,-18.6237114863,-35.2035121157,-0.101800594519
spline,373,37.3,-18.7999168178,-35.4649256765,-0.0816781111398
spline,374,37.4,-18.9806972357,-35.718850502,-0.0607300021638
spline,375,37.5,-19.1638591523,-35.9661430254,-0.0387601630881
spline,376,37.6,-19.3472305835,-36.2076904111,-0.0153931226829
spline,377,37.7,-19.5286383875,-36.4443767114,0.00991376147763
spline,378,37.8,-19.7058891245,-36.6770600466,0.0378580401955
spline,379,37.9,-19.8768169323,-36.9066347826,0.0692810528518
spline,380,38,-20.0392287907,-37.1339587957,0.105111658812
spline,381,38.1,-20.1913030465,-37.3597632622,0.11418848579
spline,382,38.2,-20.33261577,-37.5841538611,0.12410674456
spline,383,38.3,-20.4630785446,-37.8070574455,0.134904508062
spline,384,38.4,-20.5826232873,-38.0284342569,0.146605265223
spline,385,38.5,-20.6911627104,-38.2482103718,0.159207801263
spline,386,38.6,-20.7886242863,-38.4663388579,0.17267919859
spline,387,38.7,-20.8749325078,-38.6827701561,0.186943465106
spline,388,38.8,-20.9500028416,-38.897431113,0.201869534623
spline,389,38.9,-21.0137632329,-39.1102818349,0.217262610374
spline,390,39,-21.0661304131,-39.3212485953,0.232851714976
spline,391,39.1,-21.107132886,-39.5304271801,0.236680239156
spline,392,39.2,-21.1372070793,-39.7384796574,0.234777950067
spline,393,39.3,-21.156890419,-39.9461892785,0.227156257732
spline,394,39.4,-21.16672362,-40.1543702467,0.214345551359
spline,395,39.5,-21.1672451514,-40.3638047531,0.197295417437
spline,396,39.6,-21.1589955346,-40.5753004547,0.177201040904
spline,397,39.7,-21.1425126346,-40.7896628176,0.155321138702
spline,398,39.8,-21.1183371504,-41.0076739736,0.13282678184
spline,399,39.9,-21.0870067142,-41.2301494377,0.110693114781
spline,400,40,-21.049062645,-41.457869812,0.0896621530661
spline,401,40.1,-21.0049562169,-41.6913418651,0.0855176497748
spline,402,40.2,-20.9547841894,-41.9298617283,0.0829438203684
spline,403,40.3,-20.8985626359,-42.1723987661,0.081695441476
spline,404,40.4,-20.8362989123,-42.4179581779,0.0816153631597
spline,405,40.5,-20.7680095412,-42.6655076568,0.0826128298396
spline,406,40.6,-20.6937047103,-42.9140448056,0.0846492361216
spline,407,40.7,-20.6133923972,-43.1625647293,0.0877302310731
spline,408,40.8,-20.5270907179,-43.4100353316,0.0919012937533
spline,409,40.9,-20.4348049952,-43.6554627426,0.0972468500653
spline,410,41,-20.3365537332,-43.8978141651,0.103890146415
spline,411,41.1,-20.2324137593,-44.1362110274,0.101720650112
spline,412,41.2,-20.1227291976,-44.3702628407,0.0999232425245
spline,413,41.3,-20.0079256864,-44.5996782853,0.0985156418959
spline,414,41.4,-19.8884111176,-44.8242004835,0.0975181635801
spline,415,41.5,-19.7646114522,-45.0435376732,0.0969559931514
spline,416,41.6,-19.6369396218,-45.2574257636,0.096859945487
spline,417,41.7,-19.5058067381,-45.4655970333,0.0972687656199
spline,418,41.8,-19.3716398535,-45.6677614324,0.0982317132087
spline,419,41.9,-19.2348456337,-45.8636605811,0.0998108259234
spline,420,42,-19.0958510372,-46.0530043584,0.10208464323
spline,421,42.1,-18.9549730267,-46.2356102742,0.107599234834
spline,422,42.2,-18.8121443388,-46.4116188993,0.112782347499
spline,423,42.3,-18.6672198218,-46.5812357316,0.117520073546
spline,424,42.4,-18.5200317299,-46.7446916273,0.121699388869
spline,425,42.5,-18.370434854,-46.9021918541,0.125212283836
spline,426,42.6,-18.2182676912,-47.0539623618,0.127961603592
spline,427,42.7,-18.063367205,-47.2002253111,0.12986606
spline,428,42.8,-17.9055889641,-47.3411877656,0.130865285066
spline,429,42.9,-17.7447644773,-47.4770789959,0.130923174173
spline,430,43,-17.580749268,-47.6081057781,0.130030309292
spline,431,43.1,-17.4133192873,-47.7347109906,0.108840858256
spline,432,43.2,-17.2419991707,-47.8582020455,0.0854026799673
spline,433,43.3,-17.0662721189,-47.9800926746,0.0612394016678
spline,434,43.4,-16.8855942038,-48.1019142992,0.0377366840163
spline,435,43.5,-16.6994490037,-48.2251795741,0.0160196271673
spline,436,43.6,-16.50729994,-48.3514169014,-0.0031148179427
spline,437,43.7,-16.3086084782,-48.4821521436,-0.0191992149598
spline,438,43.8,-16.1028597458,-48.6188977679,-0.0320595243108
spline,439,43.9,-15.8895077331,-48.7631869574,-0.0417615048497
spline,440,44,-15.6680382211,-48.9165300062,-0.0485427116943
spline,441,44.1,-15.4382749114,-49.0801792254,-0.052327121381
spline,442,44.2,-15.2014839312,-49.254274068,-0.0560671217351
spline,443,44.3,-14.9593210164,-49.4386594465,-0.059935222097
spline,444,44.4,-14.7134047924,-49.6332065555,-0.0640615199082
spline,445,44.5,-14.4653914448,-49.8377574539,-0.068551746735
spline,446,44.6,-14.216909257,-50.0521783058,-0.0734987695889
spline,447,44.7,-13.9695855427,-50.2763336906,-0.0789883673232
spline,448,44.8,-13.7250767431,-50.510063913,-0.0851014659249
spline,449,44.9,-13.4850014917,-50.7532445906,-0.091915355204
spline,450,45,-13.2510152223,-51.0057134378,-0.0994996061598
spline,451,45.1,-13.0245357297,-51.2672957919,-0.0982806455395
spline,452,45.2,-12.8061375994,-51.5376401868,-0.0973583115124
spline,453,45.3,-12.5962104223,-51.8163238139,-0.0967226971297
spline,454,45.4,-12.3951105926,-52.1029647089,-0.0963637564114
spline,455,45.5,-12.2032261499,-52.3971374322,-0.0962717503927
spline,456,45.6,-12.0209221635,-52.6984514345,-0.0964366287176
spline,457,45.7,-11.8485644109,-53.0065140059,-0.0968480638235
spline,458,45.8,-11.6865388581,-53.3208986049,-0.0974954575363
spline,459,45.9,-11.5352057239,-53.6412266789,-0.0983672171749
spline,460,46,-11.394948996,-53.9670695865,-0.0994505253233
spline,461,46.1,-11.265573804,-54.2978669249,-0.0728284454421
spline,462,46.2,-11.1446377662,-54.6323665109,-0.0464578382026
spline,463,46.3,-11.0291509046,-54.9691092093,-0.0203448725074
spline,464,46.4,-10.9161046676,-55.3066859805,0.00568821280192
spline,465,46.5,-10.8025082328,-55.6436359725,0.0318936245187
spline,466,46.6,-10.6853582083,-55.9785394035,0.0585084594536
spline,467,46.7,-10.5616499881,-56.309972724,0.0856504761352
spline,468,46.8,-10.4283936759,-56.6364761219,0.113201425948
spline,469,46.9,-10.2825795001,-56.9566404949,0.140689126037
spline,470,47,-10.1212189746,-57.2690056769,0.167166698955
spline,471,47.1,-9.94208794631,-57.5724259839,0.153099242161
spline,472,47.2,-9.74607915951,-57.8668447729,0.139182310835
spline,473,47.3,-9.53488894006,-58.1524493136,0.125776611186
spline,474,47.4,-9.31018214153,-58.4294699403,0.11309423351
spline,475,47.5,-9.07365716856,-58.6980937378,0.101233116469
spline,476,47.6,-8.82698695232,-58.9585420649,0.0902028744123
spline,477,47.7,-8.57184230836,-59.211031385,0.0799515785629
spline,478,47.8,-8.30992406262,-59.4557512608,0.0703855973526
spline,479,47.9,-8.04289330336,-59.6929296579,0.0613786430656
spline,480,48,-7.77245144876,-59.9227559842,0.0527812411053
spline,481,48.1,-7.49993556847,-60.145415642,0.055861344738
spline,482,48.2,-7.22534474179,-60.3609466577,0.0588289787072
spline,483,48.3,-6.94837589121,-60.5693310706,0.0616432127026
spline,484,48.4,-6.66868337136,-60.7705819229,0.0642625993012
spline,485,48.5,-6.3859644423,-60.9646808006,0.0666457106803
spline,486,48.6,-6.09988434382,-61.151634875,0.0687529716765
spline,487,48.7,-5.81010740497,-61.3314464391,0.0705478640216
spline,488,48.8,-5.51633172264,-61.5040993433,0.0719984050346
spline,489,48.9,-5.21821044775,-61.6696046851,0.073078660865
spline,490,49,-4.91544206065,-61.8279460025,0.0737696598946
spline,491,49.1,-4.60787362261,-61.979362781,0.0594932640962
spline,492,49.2,-4.29608068274,-62.1250193174,0.0454682483337
spline,493,49.3,-3.98085740408,-62.266300128,0.0317333046328
spline,494,49.4,-3.66294970958,-62.4046102342,0.018279414041
spline,495,49.5,-3.34315227153,-62.5413331578,0.00507009851359
spline,496,49.6,-3.02222316288,-62.677870649,-0.00794799692769
spline,497,49.7,-2.70092007582,-62.8156205461,-0.0208308673953
spline,498,49.8,-2.38003797663,-62.9559670547,-0.033624181037
spline,499,49.9,-2.06032239846,-63.1003159353,-0.0463555656032
spline,500,50,-1.7425679832,-63.2500494112,-0.0590197659796
spline,501,50.1,-1.42753494424,-63.4063737718,-0.063254654456
spline,502,50.2,-1.11599264594,-63.5697048148,-0.0678233488014
spline,503,50.3,-0.808748508402,-63.7402470754,-0.0727520813238
spline,504,50.4,-0.506562437745,-63.918229126,-0.0780642149038
spline,505,50.5,-0.21024124343,-64.1038527566,-0.08377696187
spline,506,50.6,0.0794433007205,-64.2973424954,-0.0898999505073
spline,507,50.7,0.361718418527,-64.4989200944,-0.0964313977983
spline,508,50.8,0.635778821465,-64.7087861952,-0.103353509008
spline,509,50.9,0.900862060681,-64.9271732108,-0.110629015168
spline,510,51,1.15616428238,-65.1542790074,-0.11819401126
spline,511,51.1,1.40112122111,-65.390208334,-0.113599394273
spline,512,51.2,1.63600248967,-65.6345725792,-0.108455657313
spline,513,51.3,1.86125988114,-65.8868368798,-0.102890934101
spline,514,51.4,2.07738049578,-66.1465028251,-0.0970237230022
spline,515,51.5,2.28481743854,-66.4130326667,-0.0909606780458
spline,516,51.6,2.48404900873,-66.6859209522,-0.0847919213285
spline,517,51.7,2.67555210833,-66.9646590785,-0.0785909265533
spline,518,51.8,2.85978174883,-67.2487085184,-0.07241574075
spline,519,51.9,3.03722191968,-67.5375741552,-0.0663076197261
spline,520,52,3.20832872591,-67.8307151763,-0.0602947493146
spline,521,52.1,3.3733334882,-68.1277432055,-0.0684544529203
spline,522,52.2,3.53148432783,-68.4287243415,-0.076738769412
spline,523,52.3,3.68176604764,-68.7338093908,-0.085123984368
spline,524,52.4,3.82318699208,-69.0431939725,-0.0935594654968
spline,525,52.5,3.95473309814,-69.3570264529,-0.101961747638
spline,526,52.6,4.07540699304,-69.6754933675,-0.110213145729
spline,527,52.7,4.18420939499,-69.9987776545,-0.118159876412
spline,528,52.8,4.28012877664,-70.3270273274,-0.12561374158
spline,529,52.9,4.36216937263,-70.6604406774,-0.132359239011
spline,530,53,4.42932166366,-70.9991633733,-0.138163089955
spline,531,53.1,4.48086671358,-71.3431819454,-0.128329041843
spline,532,53.2,4.51720519086,-71.691669793,-0.119424286074
spline,533,53.3,4.53901475421,-72.0435628775,-0.111467059064
spline,534,53.4,4.54697742159,-72.3978490774,-0.104443249343
spline,535,53.5,4.54177292544,-72.7534620091,-0.0983227822954
spline,536,53.6,4.52408229782,-73.109378862,-0.0930668036287
spline,537,53.7,4.4945843784,-73.4645723544,-0.0886364406142
spline,538,53.8,4.45396181168,-73.8179767788,-0.0849990755977
spline,539,53.9,4.40289189573,-74.1685810721,-0.0821306123465
spline,540,54,4.34205880998,-74.5153182503,-0.0800207603339
spline,541,54.1,4.27217001511,-74.8572137535,-0.0767123809297
spline,542,54.2,4.19404598195,-75.1934747599,-0.0738598148038
spline,543,54.3,4.10854529783,-75.5233220025,-0.0714644185489
spline,544,54.4,4.01651390256,-75.8460254066,-0.0695325336529
spline,545,54.5,3.91881139656,-76.1608047796,-0.0680796074587
spline,546,54.6,3.81628696447,-76.466920133,-0.0671324644408
spline,547,54.7,3.70978880986,-76.763625424,-0.0667345211776
spline,548,54.8,3.60017767992,-77.0501432287,-0.0669527081777
spline,549,54.9,3.48829771976,-77.3257411432,-0.0678860861198
spline,550,55,3.37500995209,-77.5896416325,-0.069680791282
spline,551,55.1,3.26082079678,-77.8412183073,-0.0939931757218
spline,552,55.2,3.14486819552,-78.0802930888,-0.122177552329
spline,553,55.3,3.02596164769,-78.3067799467,-0.154260486277
spline,554,55.4,2.90289247347,-78.5206265872,-0.189867732554
spline,555,55.5,2.77447069055,-78.7217469335,-0.228002120206
spline,556,55.6,2.6394923302,-78.9100826936,-0.26684661684
spline,557,55.7,2.49675224822,-79.0855687316,-0.303671534439
spline,558,55.8,2.34506199546,-79.2481227114,-0.335002456462
spline,559,55.9,2.18321041869,-79.3976884661,-0.357168723466
spline,560,56,2.01001042647,-79.5341838086,-0.367168035922
spline,561,56.1,1.82468534855,-79.6575286228,-0.342893907606
spline,562,56.2,1.62817115974,-79.7675517972,-0.321497297303
spline,563,56.3,1.42185540511,-79.8640544838,-0.303390978983
spline,564,56.4,1.20709469509,-79.9468516251,-0.288723318973
spline,565,56.5,0.985278040337,-80.0157444957,-0.277493498438
spline,566,56.6,0.75776975865,-80.070547086,-0.269624328275
spline,567,56.7,0.525933235841,-80.1110662618,-0.265015740181
spline,568,56.8,0.291158798864,-80.1371073518,-0.263574124956
spline,569,56.9,0.0548008925916,-80.1484809422,-0.265223240587
spline,570,57,-0.181749924015,-80.1449926789,-0.269904234046
spline,571,57.1,-0.417573110576,-80.1266553066,-0.248220794421
spline,572,57.2,-0.653519511872,-80.0942736063,-0.219931878924
spline,573,57.3,-0.890855759357,-80.0488618705,-0.187844180311
spline,574,57.4,-1.13088488074,-79.9914263912,-0.154563434477
spline,575,57.5,-1.37487307982,-79.9229814762,-0.122155088352
spline,576,57.6,-1.62411423275,-79.8445378546,-0.0920278352493
spline,577,57.7,-1.87990293397,-79.757099763,-0.0649940075305
spline,578,57.8,-2.14350419585,-79.6616846232,-0.0414055556455
spline,579,57.9,-2.41622307435,-79.5592959356,-0.0212931080294
spline,580,58,-2.69932333195,-79.4509502963,-0.00449491649489
spline,581,58.1,-2.99367964677,-79.3375849967,-0.00314726016001
spline,582,58.2,-3.29848664908,-79.2198384323,-0.00205611918111
spline,583,58.3,-3.61248357099,-79.0982949711,-0.00114363272634
spline,584,58.4,-3.93445704685,-78.9735185935,-0.000354549790024
spline,585,58.5,-4.26314476075,-78.8460923447,0.000351908485385
spline,586,58.6,-4.59732166867,-78.7165877351,0.00100720035231
spline,587,58.7,-4.93576330173,-78.5855710615,0.00163705942175
spline,588,58.8,-5.27720612793,-78.4536266541,0.00226391631219
spline,589,58.9,-5.62043893773,-78.3213187191,0.00290883354838
spline,590,59,-5.96419785712,-78.1892297231,0.00359302160391
spline,591,59.1,-6.30749334979,-78.0578091521,0.0029382259758
spline,592,59.2,-6.65027346286,-77.9270083622,0.00226997555473
spline,593,59.3,-6.99268180991,-77.7966759404,0.00159178197168
spline,594,59.4,-7.33491446954,-77.666638414,0.000907160930681
spline,595,59.5,-7.67711478772,-77.5367424771,0.000219793931912
spline,596,59.6,-8.01946592463,-77.4068226061,-0.000466686418741
spline,597,59.7,-8.36215058687,-77.2767084593,-0.00114867093794
spline,598,59.8,-8.70531216446,-77.146247531,-0.00182252085836
spline,599,59.9,-9.04914689316,-77.0152673436,-0.00248480520429
spline,600,60,-9.39379801206,-76.8836135311,-0.00313212246098
spline,601,60.1,-9.73934524856,-76.7512094413,-0.00181111427535
spline,602,60.2,-10.0854532872,-76.6183226354,-0.000512918369439
spline,603,60.3,-10.4316440789,-76.4853286865,0.00077989619626
spline,604,60.4,-10.7774924696,-76.3525808002,0.00208481945474
spline,605,60.5,-11.1225200322,-76.2204527409,0.0034194917738
spline,606,60.6,-11.4662887289,-76.0893056696,0.00480260652401
spline,607,60.7,-11.8083596389,-75.959496165,0.0062543418464
spline,608,60.8,-12.1482547377,-75.8313985475,0.00779677511559
spline,609,60.9,-12.4855485339,-75.7053673853,0.00945512197896
spline,610,61,-12.8197632276,-75.5817748104,0.0112581206814
spline,611,61.1,-13.1506107426,-75.4608745625,0.0106915923736
spline,612,61.2,-13.4784017972,-75.342479094,0.0100246323819
spline,613,61.3,-13.8035604657,-75.2263105313,0.00926162239221
spline,614,61.4,-14.1265606454,-75.112071045,0.00840913394939
spline,615,61.5,-14.4478263135,-74.9994806626,0.00747601418497
spline,616,61.6,-14.7678193064,-74.8882489044,0.00647311279444
spline,617,61.7,-15.0870003685,-74.7780808418,0.00541302654196
spline,618,61.8,-15.4057939173,-74.6686969592,0.00430989245774
spline,619,61.9,-15.7246735501,-74.5598009186,0.00317873767061
spline,620,62,-16.0440634709,-74.4511112493,0.00203533161105
spline,621,62.1,-16.3643159345,-74.3423666677,0.000438709448137
spline,622,62.2,-16.6853435516,-74.2334108425,-0.0011386733189
spline,623,62.3,-17.0069135074,-74.1241326438,-0.00270352027388
spline,624,62.4,-17.3288419079,-74.0144022724,-0.00426260475232
spline,625,62.5,-17.6508953226,-73.9041069051,-0.00582232127767
spline,626,62.6,-17.9728781586,-73.793123727,-0.00738916606565
spline,627,62.7,-18.2945937165,-73.6813252293,-0.00896958026636
spline,628,62.8,-18.615808763,-73.568599504,-0.0105698121368
spline,629,62.9,-18.9363396054,-73.4548174458,-0.0121963759736
spline,630,63,-19.2559527918,-73.339865467,-0.0138555915454
spline,631,63.1,-19.5745071802,-73.2235676821,-0.0172029187891
spline,632,63.2,-19.8920767465,-73.1055255335,-0.0205114692066
spline,633,63.3,-20.2087545078,-72.9853047847,-0.0237552162512
spline,634,63.4,-20.5246816908,-72.8624510025,-0.0269082198998
spline,635,63.5,-20.839950819,-72.7365285987,-0.0299439464832
spline,636,63.6,-21.15469168,-72.6070904899,-0.0328365722642
spline,637,63.7,-21.4690326861,-72.4736845384,-0.0355610142663
spline,638,63.8,-21.7830666957,-72.3358767084,-0.0380931005842
spline,639,63.9,-22.0969350036,-72.1932121633,-0.0404108682561
spline,640,64,-22.4107301126,-72.0452557693,-0.0424942671346
spline,641,64.1,-22.7243850504,-71.891597825,-0.0471454404246
spline,642,64.2,-23.0370304405,-71.7319739102,-0.0520931607817
spline,643,64.3,-23.3476270443,-71.5661552259,-0.0574114768508
spline,644,64.4,-23.6550616287,-71.3939412416,-0.0631733079097
spline,645,64.5,-23.958292771,-71.2150963823,-0.0694530371521
spline,646,64.6,-24.2562568202,-71.0294015157,-0.0763242890552
spline,647,64.7,-24.5478880596,-70.8366313657,-0.0838583399083
spline,648,64.8,-24.8321448189,-70.6365535574,-0.0921213297361
spline,649,64.9,-25.1079159001,-70.4289672097,-0.101166044005
spline,650,65,-25.3741606866,-70.213641776,-0.11102726424
spline,651,65.1,-25.629947928,-69.9904191663,-0.114398223052
spline,652,65.2,-25.8748766691,-69.7593886497,-0.117781927518
spline,653,65.3,-26.1087004772,-69.5206954487,-0.121145054558
spline,654,65.4,-26.3311163988,-69.2745300191,-0.124448570289
spline,655,65.5,-26.5418762091,-69.0210311168,-0.127649234175
spline,656,65.6,-26.7407150572,-68.7603592765,-0.130699113698
spline,657,65.7,-26.9273658053,-68.4926690786,-0.133546500986
spline,658,65.8,-27.1015771432,-68.2181021269,-0.136137360573
spline,659,65.9,-27.2630530675,-67.9368489708,-0.13841601338
spline,660,66,-27.4115437234,-67.6490529511,-0.140327459717
spline,661,66.1,-27.5468054734,-67.3548626945,-0.140838629451
spline,662,66.2,-27.6686804586,-67.0543823741,-0.140720377714
spline,663,66.3,-27.7770449361,-66.7476935744,-0.139967856458
spline,664,66.4,-27.8717471201,-66.4349389494,-0.138592141255
spline,665,66.5,-27.9526614911,-66.1161937907,-0.136618692131
spline,666,66.6,-28.0196553923,-65.79156021,-0.134086419228
spline,667,66.7,-28.0725937594,-65.4611346148,-0.131045597831
spline,668,66.8,-28.1113471813,-65.1249954691,-0.127555291933
spline,669,66.9,-28.1357722789,-64.7832847872,-0.123681698015
spline,670,67,-28.1457412465,-64.4360826284,-0.119492928686
spline,671,67.1,-28.1414582638,-64.0835969881,-0.0995160742357
spline,672,67.2,-28.124475997,-63.7264625255,-0.0813486571969
spline,673,67.3,-28.0966868201,-63.3654044742,-0.0648073650993
spline,674,67.4,-28.0599860448,-63.0012219408,-0.0496380494867
spline,675,67.5,-28.0162639585,-62.6346340119,-0.0355478162167
spline,676,67.6,-27.967414151,-62.2663906069,-0.0222324575883
spline,677,67.7,-27.9153277959,-61.8972362404,-0.00938509980218
spline,678,67.8,-27.8618953212,-61.5278947997,0.00330231879078
spline,679,67.9,-27.8090137612,-61.1591618077,0.0161370487288
spline,680,68,-27.7585740612,-60.7917622262,0.0294346989788
spline,681,68.1,-27.7122156922,-60.4265046196,0.0319287760771
spline,682,68.2,-27.6705628433,-60.0644351333,0.0349414631957
spline,683,68.3,-27.6339882626,-59.7066431211,0.038583904641
spline,684,68.4,-27.6028691059,-59.3542912897,0.0430011776063
spline,685,68.5,-27.5775749109,-59.0084625709,0.0483856658016
spline,686,68.6,-27.5584797958,-58.6702706075,0.0549930040815
spline,687,68.7,-27.5459554965,-58.3408239469,0.0631666132853
spline,688,68.8,-27.5403768627,-58.0212142707,0.0733738666669
spline,689,68.9,-27.5421141334,-57.7125938779,0.0862543610912
spline,690,69,-27.5515420884,-57.4160546664,0.102699436953
spline,691,69.1,-27.5690116008,-57.1322599449,0.118255368049
spline,692,69.2,-27.5947816896,-56.8600744543,0.133182034618
spline,693,69.3,-27.6290962757,-56.5979039176,0.146366839372
spline,694,69.4,-27.6721873935,-56.3442057429,0.156622864908
spline,695,69.5,-27.7242954889,-56.0973791982,0.162881305564
spline,696,69.6,-27.785660367,-55.8558470679,0.164394946471
spline,697,69.7,-27.8565194368,-55.6180272933,0.160904360615
spline,698,69.8,-27.9371198826,-55.3823265683,0.152701402944
spline,699,69.9,-28.0276844486,-55.1471938754,0.140570382556
spline,700,70,-28.1284600431,-54.9110367921,0.125619487891
spline,701,70.1,-28.2396015301,-54.6726221872,0.116209797743
spline,702,70.2,-28.3609250367,-54.4320958741,0.108281351499
spline,703,70.3,-28.4921773967,-54.1899397407,0.101611671799
spline,704,70.4,-28.6330712639,-53.9466835902,0.0960194581385
spline,705,70.5,-28.7833498178,-53.7028039232,0.0913545739177
spline,706,70.6,-28.942748368,-53.4587986392,0.0874945567815
spline,707,70.7,-29.1109997368,-53.215161003,0.0843392421316
spline,708,70.8,-29.2878538839,-52.9723722335,0.0818067894045
spline,709,70.9,-29.4730141629,-52.73095805,0.0798311820364
spline,710,71,-29.6662303902,-52.4914005232,0.0783584137851
spline,711,71.1,-29.8671592946,-52.254039071,0.067380269406
spline,712,71.2,-30.0751442539,-52.0185816732,0.05695619431
spline,713,71.3,-30.2894721592,-51.78457006,0.0470779075351
spline,714,71.4,-30.5093766379,-51.5515922121,0.0377188061849
spline,715,71.5,-30.7341410355,-51.3191845128,0.028836465718
spline,716,71.6,-30.9630344989,-51.0869041091,0.0203811974862
spline,717,71.7,-31.1953235213,-50.8543037188,0.0122993701934
spline,718,71.8,-31.4302961169,-50.620924349,0.0045359119939
spline,719,71.9,-31.6671802507,-50.386349885,-0.0029611031676
spline,720,72,-31.905264311,-50.1501223107,-0.010242233164
spline,721,72.1,-32.1438953426,-49.9119013961,-0.0105761443084
spline,722,72.2,-32.3827329854,-49.6717598013,-0.0109402186062
spline,723,72.3,-32.6215389282,-49.4298639004,-0.0113368402484
spline,724,72.4,-32.8600159295,-49.1864285677,-0.0117686632308
spline,725,72.5,-33.0979223698,-48.9416152945,-0.0122387819156
spline,726,72.6,-33.3350004567,-48.6956066678,-0.0127506747811
spline,727,72.7,-33.570989542,-48.4485810516,-0.0133082789208
spline,728,72.8,-33.805650608,-48.2007037382,-0.0139161149824
spline,729,72.9,-34.0386843527,-47.9521867125,-0.0145791635259
spline,730,73,-34.2698524666,-47.7031961801,-0.015303237795
spline,731,73.1,-34.498945681,-47.4538565139,-0.0161607250703
spline,732,73.2,-34.7259499238,-47.2040615347,-0.0170023792671
spline,733,73.3,-34.9509231279,-46.9536368601,-0.0178244075853
spline,734,73.4,-35.1738672117,-46.702458842,-0.0186228266552
spline,735,73.5,-35.3948367071,-46.4503483922,-0.0193938842209
spline,736,73.6,-35.613871075,-46.1971480639,-0.0201338548559
spline,737,73.7,-35.8310067223,-45.942696402,-0.0208391246228
spline,738,73.8,-36.0463004773,-45.6868179451,-0.0215062999065
spline,739,73.9,-36.2597528688,-45.4293862729,-0.0221320380214
spline,740,74,-36.4714215004,-45.1702268523,-0.0227133581795
spline,741,74.1,-36.6813507699,-44.909233086,-0.021268962361
spline,742,74.2,-36.8896060387,-44.6465039931,-0.0198468745771
spline,743,74.3,-37.0962801326,-44.3821778929,-0.0184452158274
spline,744,74.4,-37.3014137295,-44.1164474038,-0.0170623104878
spline,745,74.5,-37.5050960009,-43.849446464,-0.0156960273323
spline,746,74.6,-37.7074025744,-43.5813315178,-0.0143442348187
spline,747,74.7,-37.9084058413,-43.3122552256,-0.0130046884346
spline,748,74.8,-38.1081977135,-43.0423549069,-0.0116749512917
spline,749,74.9,-38.3068168896,-42.7718206383,-0.0103527940084
spline,750,75,-38.5043560429,-42.5007905608,-0.00903558462312
spline,751,75.1,-38.7008460724,-42.2293455339,-0.0119285085236
spline,752,75.2,-38.8961402822,-41.9572661995,-0.0148108710755
spline,753,75.3,-39.0900691942,-41.6842449113,-0.01767201117
spline,754,75.4,-39.2824138026,-41.4100306374,-0.0205001135163
spline,755,75.5,-39.4730007657,-41.1343115904,-0.0232835013772
spline,756,75.6,-39.661644285,-40.8567990139,-0.026009788713
spline,757,75.7,-39.8481551562,-40.5772006024,-0.0286661203006
spline,758,75.8,-40.0323626923,-40.2952073943,-0.0312394612791
spline,759,75.9,-40.214046189,-40.0105665515,-0.0337159150489
spline,760,76,-40.3930358507,-39.7229700267,-0.0360819707369
spline,761,76.1,-40.5692387735,-39.4322939923,-0.0298041621772
spline,762,76.2,-40.7429350554,-39.1390763688,-0.0237417406641
spline,763,76.3,-40.9145182863,-38.8440050984,-0.0178347846491
spline,764,76.4,-41.0843374199,-38.5478302167,-0.0120233285578
spline,765,76.5,-41.2527820352,-38.251235848,-0.00624445947438
spline,766,76.6,-41.4202310239,-37.9549306197,-0.000433734859468
spline,767,76.7,-41.5870597174,-37.6596198578,0.00547587385909
spline,768,76.8,-41.7536609413,-37.3659912088,0.0115551757292
spline,769,76.9,-41.9203810937,-37.0747915479,0.0178777019159
spline,770,77,-42.0876137372,-36.7867090247,0.0245231884048
spline,771,77.1,-42.2554806604,-36.5020865185,0.00889058668834
spline,772,77.2,-42.4230767482,-36.2198058204,-0.0073379777374
spline,773,77.3,-42.5892602732,-35.9383685815,-0.023872850653
spline,774,77.4,-42.7528458044,-35.6563356729,-0.0403935951632
spline,775,77.5,-42.9126874352,-35.3722050935,-0.0565483267847
spline,776,77.6,-43.0676290966,-35.0844982422,-0.0719449447109
spline,777,77.7,-43.2165110178,-34.7917334666,-0.0861573920203
spline,778,77.8,-43.3581888935,-34.4924102575,-0.0987438962137
spline,779,77.9,-43.4914775881,-34.1850894977,-0.109274118245
spline,780,78,-43.6152341698,-33.8682718644,-0.117376932049
spline,781,78.1,-43.7285742118,-33.5409419643,-0.10396745756
spline,782,78.2,-43.8317014958,-33.2039390758,-0.0924284862689
spline,783,78.3,-43.9251064446,-32.8585456277,-0.082502201027
spline,784,78.4,-44.0092525341,-32.5061186824,-0.0739550249177
spline,785,78.5,-44.0846264566,-32.1479379434,-0.0665779958824
spline,786,78.6,-44.1517099944,-31.7853108119,-0.0601904924559
spline,787,78.7,-44.2109811281,-31.4195419164,-0.0546374392223
spline,788,78.8,-44.2629266871,-31.051911753,-0.0497859948067
spline,789,78.9,-44.3080129743,-30.6837783497,-0.0455235183045
spline,790,79,-44.3467281497,-30.3164228455,-0.0417518406049
spline,791,79.1,-44.379656534,-29.9509215333,-0.0344278472647
spline,792,79.2,-44.4077943682,-29.5874280077,-0.0267741529849
spline,793,79.3,-44.4322505776,-29.2258431347,-0.0188278961301
spline,794,79.4,-44.4541226077,-28.866146204,-0.0106214061428
spline,795,79.5,-44.4745151151,-28.5082349807,-0.00218045362454
spline,796,79.6,-44.494533342,-28.1520363548,0.00647074375207
spline,797,79.7,-44.5152786922,-27.7974747551,0.0153069701856
spline,798,79.8,-44.5378596267,-27.4444512472,0.024299093761
spline,799,79.9,-44.5633703521,-27.0929416587,0.0334073625596
spline,800,80,-44.5929199262,-26.7428474282,0.0425812872325
spline,801,80.1,-44.6272996716,-26.3940633545,0.0363695508404
spline,802,80.2,-44.6660470243,-26.046357454,0.0300096548118
spline,803,80.3,-44.7083972691,-25.6994444261,0.0235443346816
spline,804,80.4,-44.7535697826,-25.3531145608,0.0170121960163
spline,805,80.5,-44.800795058,-25.0070799067,0.0104455098485
spline,806,80.6,-44.8493031234,-24.661080276,0.00387329379859
spline,807,80.7,-44.89832014,-24.3148533227,-0.00267793993265
spline,808,80.8,-44.9470812014,-23.9681133131,-0.00918335149321
spline,809,80.9,-44.9948011368,-23.6206486314,-0.0156164819962
spline,810,81,-45.0407158856,-23.272174023,-0.0219509313358
spline,811,81.1,-45.084189684,-22.9225272265,-0.0211446978768
spline,812,81.2,-45.1251254065,-22.571939124,-0.0204193400916
spline,813,81.3,-45.1635714931,-22.2207162767,-0.0197689707056
spline,814,81.4,-45.19956154,-21.8692423621,-0.019188728859
spline,815,81.5,-45.2331395906,-21.5178217334,-0.0186743640953
spline,816,81.6,-45.2643493001,-21.1667865763,-0.0182223999596
spline,817,81.7,-45.293230421,-20.8164672195,-0.0178300205344
spline,818,81.8,-45.319829955,-20.4671700813,-0.0174950332474
spline,819,81.9,-45.3441797161,-20.1192769459,-0.0172159338252
spline,820,82,-45.3663276816,-19.7730945045,-0.0169917543025
spline,821,82.1,-45.3861278667,-19.4288405723,-0.0266745544088
spline,822,82.2,-45.4026775667,-19.0862767665,-0.03652091843
spline,823,82.3,-45.4148937628,-18.7450282326,-0.0464375485232
spline,824,82.4,-45.4216845715,-18.4047953431,-0.056307043494
spline,825,82.5,-45.4219627357,-18.0652012618,-0.0659897721171
spline,826,82.6,-45.4146425271,-17.7258961051,-0.0753202128396
spline,827,82.7,-45.3986343,-17.3865284299,-0.0841098957877
spline,828,82.8,-45.3728513666,-17.0467231147,-0.0921540077233
spline,829,82.9,-45.3362040516,-16.7061789796,-0.0992390837668
spline,830,83,-45.2876072754,-16.3645212578,-0.105160499434
spline,831,83.1,-45.2261803603,-16.0218293687,-0.10479757051
spline,832,83.2,-45.1518647713,-15.6799010879,-0.106656771842
spline,833,83.3,-45.064808528,-15.3409410572,-0.110764304744
spline,834,83.4,-44.9651738072,-15.007229108,-0.117278361056
spline,835,83.5,-44.853105033,-14.6809680257,-0.12649441675
spline,836,83.6,-44.7287553108,-14.3643872592,-0.138856452582
spline,837,83.7,-44.5922738794,-14.0597149878,-0.154973637873
spline,838,83.8,-44.4438035162,-13.7691597232,-0.17563511209
spline,839,83.9,-44.2835122704,-13.4949928366,-0.201795281162
spline,840,84,-44.1115446329,-13.2394218941,-0.234518767713
spline,841,84.1,-43.9279905638,-13.0040602453,-0.247380807947
spline,842,84.2,-43.7326894865,-12.7880577197,-0.252844181125
spline,843,84.3,-43.5254098558,-12.5899361494,-0.250074525772
spline,844,84.4,-43.3059618792,-12.4082601753,-0.239335559251
spline,845,84.5,-43.0741105303,-12.2415490299,-0.221892747954
spline,846,84.6,-42.8296384978,-12.0883383845,-0.199652166628
spline,847,84.7,-42.5723247569,-11.9471628497,-0.174701497091
spline,848,84.8,-42.3019323082,-11.8165489428,-0.148924715624
spline,849,84.9,-42.0182776666,-11.695050055,-0.123791232428
spline,850,85,-41.7211256106,-11.5811921543,-0.100286618736
spline,851,85.1,-41.410610848,-11.4735793797,-0.0770606183504
spline,852,85.2,-41.088278285,-11.3710903947,-0.0578986560293
spline,853,85.3,-40.7560072268,-11.2726671862,-0.0417233798371
spline,854,85.4,-40.4157476136,-11.1772724806,-0.0276896010408
spline,855,85.5,-40.0693753211,-11.0838468474,-0.0151175120901
spline,856,85.6,-39.7187933289,-10.9913391149,-0.0034468637124
spline,857,85.7,-39.3659011599,-10.8986971548,0.00780663637886
spline,858,85.8,-39.0125763,-10.8048629412,0.0190874777534
spline,859,85.9,-38.6607688448,-10.7087976445,0.0308275102084
spline,860,86,-38.312356927,-10.6094435681,0.0434787894381
spline,861,86.1,-37.9689127365,-10.5059633939,0.0429497663754
spline,862,86.2,-37.6306873383,-10.3983758009,0.0423446522087
spline,863,86.3,-37.2975831811,-10.2869067398,0.0416638683023
spline,864,86.4,-36.9695734274,-10.1718063267,0.0409081032114
spline,865,86.5,-36.6465563562,-10.0532997624,0.0400777917584
spline,866,86.6,-36.328457817,-9.93162111959,0.0391733035204
spline,867,86.7,-36.0152004949,-9.807003604,0.038194806161
spline,868,86.8,-35.7066881739,-9.67967184525,0.0371421687083
spline,869,86.9,-35.4028874477,-9.54987762489,0.0360152176115
spline,870,87,-35.1037023692,-9.41784594652,0.0348130575746
spline,871,87.1,-34.8090078857,-9.28368871887,0.0386813107767
spline,872,87.2,-34.5184771955,-9.14702975989,0.0424214945047
spline,873,87.3,-34.2317176232,-9.00736178608,0.0459613923878
spline,874,87.4,-33.9483970922,-8.86420823353,0.0492283124902
spline,875,87.5,-33.6681191824,-8.71706115859,0.0521536307792
spline,876,87.6,-33.3905113038,-8.56542357933,0.0546749315897
spline,877,87.7,-33.1151979596,-8.40879776296,0.0567393383276
spline,878,87.8,-32.8417869395,-8.24667446712,0.0583063927165
spline,879,87.9,-32.5699415398,-8.07857991338,0.0593496989718
spline,880,88,-32.2992700018,-7.90400545608,0.0598587346681
spline,881,88.1,-32.029473471,-7.72261050374,0.0551461441833
spline,882,88.2,-31.7605497423,-7.53468059225,0.0507835124342
spline,883,88.3,-31.4925561738,-7.34064421193,0.0467389794719
spline,884,88.4,-31.2256069279,-7.14097333784,0.0429827571598
spline,885,88.5,-30.9597560988,-6.93609617631,0.0394854360056
spline,886,88.6,-30.6950799186,-6.72645579,0.0362194343297
spline,887,88.7,-30.4316519471,-6.51249464449,0.0331586756765
spline,888,88.8,-30.1695295597,-6.29463935591,0.0302783630765
spline,889,88.9,-29.908823647,-6.07336505519,0.0275557128949
spline,890,89,-29.6495920162,-5.8490987569,0.0249684233842
spline,891,89.1,-29.3918771784,-5.62224867876,0.0226882852031
spline,892,89.2,-29.1355883375,-5.39308419825,0.0204365579398
spline,893,89.3,-28.8805872947,-5.16182334061,0.0182111618962
spline,894,89.4,-28.6267900292,-4.92873625859,0.016010098436
spline,895,89.5,-28.3740553223,-4.69404061391,0.013830448086
spline,896,89.6,-28.1222629722,-4.45797177641,0.0116691281707
spline,897,89.7,-27.8712903282,-4.22076471129,0.00952276386149
spline,898,89.8,-27.6209991163,-3.98263684511,0.00738758653474
spline,899,89.9,-27.371302422,-3.7438590797,0.00526011922856
spline,900,90,-27.1220624148,-3.50464897695,0.00313623013135
spline,901,90.1,-26.8730905525,-3.26539741794,-0.00700030098813
spline,902,90.2,-26.6239263912,-3.02711779555,-0.0172504029161
spline,903,90.3,-26.3740272863,-2.79096187602,-0.0277276924658
spline,904,90.4,-26.1229040078,-2.55813487472,-0.0385391418374
spline,905,90.5,-25.8700113166,-2.32978807592,-0.0497853594187
spline,906,90.6,-25.6148243738,-2.10709088245,-0.0615511380345
spline,907,90.7,-25.3568161091,-1.89121249424,-0.0738973711965
spline,908,90.8,-25.0954425167,-1.68330697646,-0.0868501542073
spline,909,90.9,-24.8302141451,-1.48457511188,-0.100381328996
spline,910,91,-24.5605877199,-1.29617032836,-0.114395581481
spline,911,91.1,-24.2861428188,-1.1190171375,-0.113660488695
spline,912,91.2,-24.0068780706,-0.953060788347,-0.11232547497
spline,913,91.3,-23.7228794578,-0.797990517563,-0.11042832083
spline,914,91.4,-23.4342946755,-0.653530438016,-0.108018743623
spline,915,91.5,-23.1412076674,-0.519368880932,-0.105154486692
spline,916,91.6,-22.8437250439,-0.395206396498,-0.101898969816
spline,917,91.7,-22.5419514194,-0.280743486843,-0.0983181605366
spline,918,91.8,-22.2359707569,-0.175673112648,-0.0944777265314
spline,919,91.9,-21.9259323674,-0.0797117377449,-0.0904419257375
spline,920,92,-21.6119209338,0.00744839076623,-0.0862698733918
spline,921,92.1,-21.2940963904,0.0861798843079,-0.0774308586828
spline,922,92.2,-20.9728332839,0.157147873525,-0.0688803262412
spline,923,92.3,-20.6485388782,0.221095259194,-0.0606346075729
spline,924,92.4,-20.3216917114,0.278750591418,-0.0526911006013
spline,925,92.5,-19.9926971791,0.3308572617,-0.0450290334364
spline,926,92.6,-19.6619862842,0.378153554795,-0.0376159247571
spline,927,92.7,-19.3299883047,0.421377728457,-0.030409936911
spline,928,92.8,-18.9971096014,0.461270996971,-0.0233616576914
spline,929,92.9,-18.6638285409,0.4985655502,-0.0164178317119
spline,930,93,-18.3305518743,0.534002837906,-0.00951921327462
spline,931,93.1,-17.9976306733,0.568196697751,-0.00968024728018
spline,932,93.2,-17.6650974889,0.601263142983,-0.00983697508912
spline,933,93.3,-17.3328832228,0.633196218057,-0.00998915920627
spline,934,93.4,-17.0009921793,0.663982636064,-0.010136544838
spline,935,93.5,-16.6693534875,0.693616463915,-0.0102789143009
spline,936,93.6,-16.3379224244,0.722089343487,-0.0104160493499
spline,937,93.7,-16.0066528284,0.749392857172,-0.0105477349783
spline,938,93.8,-15.6754753813,0.775520603224,-0.0106737802827
spline,939,93.9,-15.3443930067,0.80046011875,-0.0107939764498
spline,940,94,-15.0133366626,0.82420510718,-0.0109081390092
spline,941,94.1,-14.6822419956,0.846786539805,-0.00894219894603
spline,942,94.2,-14.3509672016,0.868392706681,-0.00696060416848
spline,943,94.3,-14.0193285157,0.889252944104,-0.00497282663399
spline,944,94.4,-13.6872159169,0.909591741512,-0.0029886565855
spline,945,94.5,-13.3544442613,0.929638393598,-0.00101722007846
spline,946,94.6,-13.0208542883,0.949620639631,0.000932465851583
spline,947,94.7,-12.6862855854,0.969766138671,0.00285169656718
spline,948,94.8,-12.3505537932,0.990304240621,0.00473226816336
spline,949,94.9,-12.0135485572,1.01145940541,0.0065659508616
spline,950,95,-11.6750858383,1.03346095994,0.00834538212251
spline,951,95.1,-11.3350289963,1.05647060245,0.00677421738289
spline,952,95.2,-10.9933328151,1.08038587763,0.00524022918651
spline,953,95.3,-10.6499508007,1.1050403773,0.00374280958496
spline,954,95.4,-10.3049133911,1.13026188788,0.00228163424864
spline,955,95.5,-9.95817315237,1.15588383721,0.000855994301246
spline,956,95.6,-9.60970917369,1.1817378816,-0.000534722505876
spline,957,95.7,-9.2594996853,1.20765557753,-0.00189113152034
spline,958,95.8,-8.90749731685,1.23347056559,-0.0032139356945
spline,959,95.9,-8.55373313893,1.25901035488,-0.00450351240664
spline,960,96,-8.19816008381,1.28410862257,-0.00576050155004
spline,961,96.1,-7.84086543672,1.30861009743,-0.00605022642797
spline,962,96.2,-7.48237008854,1.33241181876,-0.00637761775799
spline,963,96.3,-7.12327743616,1.35542585578,-0.00674748493079
spline,964,96.4,-6.76427185528,1.37755886776,-0.00716551245775
spline,965,96.5,-6.40595605421,1.39872284958,-0.00763862094005
spline,966,96.6,-6.04896029608,1.41882810124,-0.00817511559114
spline,967,96.7,-5.69391429072,1.43778480243,-0.00878502879486
spline,968,96.8,-5.34142188947,1.4555045886,-0.00948060044526
spline,969,96.9,-4.9921660602,1.47189481126,-0.010276593286
spline,970,97,-4.64675052807,1.48686723139,-0.0111913098998
spline,971,97.1,-4.30565975851,1.50037617398,-0.0101902847013
spline,972,97.2,-3.96879568263,1.51255210513,-0.00908784272106
spline,973,97.3,-3.63589020175,1.52357059508,-0.00788499592732
spline,974,97.4,-3.30675051372,1.5336045383,-0.00658414175185
spline,975,97.5,-2.98110786447,1.54282943301,-0.00518857155988
spline,976,97.6,-2.65871905256,1.55141998612,-0.00370287837444
spline,977,97.7,-2.33934061823,1.5595507716,-0.00213289061894
spline,978,97.8,-2.02270553747,1.56739713472,-0.000485554920811
spline,979,97.9,-1.70861837971,1.57513233075,0.00123057305923
